State,Account length,Area code,International plan,Voice mail plan,Number vmail messages,Total day minutes,Total day calls,Total day charge,Total eve minutes,Total eve calls,Total eve charge,Total night minutes,Total night calls,Total night charge,Total intl minutes,Total intl calls,Total intl charge,Customer service calls,Churn
LA,117.0,408.0,,,0.0,184.5,,31.37,351.6,,29.89,215.8,90.0,,8.7,4.0,2.35,1.0,False
,65.0,,No,No,0.0,,137.0,21.95,228.5,,19.42,208.8,111.0,9.4,,6.0,3.43,4.0,True
NY,,415.0,No,No,0.0,332.9,,,317.8,97.0,27.01,160.6,,7.23,5.4,,,4.0,True
SC,111.0,415.0,,No,0.0,110.4,103.0,18.77,137.3,102.0,11.67,,105.0,8.53,7.7,6.0,2.08,,False
HI,49.0,510.0,No,,,,117.0,20.28,215.1,,18.28,,90.0,8.04,11.1,1.0,3.0,1.0,False
AK,36.0,408.0,No,,30.0,146.3,,24.87,,80.0,13.81,129.3,,5.82,14.5,,,,False
MI,65.0,415.0,No,No,0.0,211.3,120.0,,162.6,,13.82,,118.0,6.06,13.2,,,,False
,119.0,415.0,,No,0.0,159.1,,27.05,231.3,117.0,,143.2,91.0,6.44,8.8,3.0,2.38,5.0,True
VA,10.0,408.0,No,No,0.0,186.1,112.0,31.64,190.2,66.0,,282.8,57.0,12.73,11.4,6.0,,2.0,False
,68.0,415.0,No,No,0.0,148.8,70.0,25.3,246.5,164.0,,129.8,103.0,5.84,12.1,3.0,,3.0,False
MN,,510.0,,Yes,33.0,193.7,,,,96.0,20.92,138.0,,,14.6,3.0,,2.0,False
HI,85.0,415.0,No,No,0.0,235.8,109.0,,157.2,94.0,13.36,188.2,99.0,8.47,12.0,3.0,,0.0,False
MN,46.0,415.0,No,No,0.0,214.1,,,,104.0,13.97,177.5,,,8.2,3.0,2.21,2.0,False
VT,128.0,510.0,No,Yes,29.0,179.3,104.0,30.48,225.9,86.0,19.2,323.0,78.0,14.54,8.6,,2.32,0.0,False
LA,155.0,415.0,No,,0.0,203.4,100.0,34.58,190.9,104.0,16.23,196.0,119.0,8.82,8.9,,,0.0,True
MT,,415.0,No,,0.0,,110.0,27.22,,,18.13,174.1,72.0,7.83,13.0,4.0,3.51,0.0,False
ID,77.0,,,No,0.0,251.8,72.0,,205.7,126.0,17.48,275.2,109.0,12.38,9.8,7.0,,2.0,True
MA,108.0,415.0,No,No,0.0,178.3,137.0,30.31,189.0,76.0,,129.1,,5.81,14.6,5.0,3.94,0.0,False
KY,,,,,0.0,135.0,,,,106.0,,245.3,102.0,,,9.0,3.38,1.0,False
MI,36.0,,No,Yes,29.0,281.4,,47.84,202.2,76.0,17.19,187.2,113.0,,9.0,6.0,2.43,2.0,False
CO,,415.0,No,Yes,32.0,148.6,91.0,25.26,131.1,97.0,11.14,,142.0,9.87,10.1,1.0,2.73,1.0,False
AZ,63.0,,No,No,0.0,58.9,125.0,10.01,,59.0,14.42,211.4,88.0,,9.4,3.0,,1.0,False
ID,,,No,No,0.0,239.8,125.0,40.77,214.8,111.0,18.26,143.3,81.0,6.45,8.7,5.0,2.35,2.0,False
CA,75.0,408.0,,No,,166.3,125.0,28.27,158.2,,13.45,256.7,80.0,11.55,6.1,5.0,1.65,1.0,False
WA,127.0,408.0,No,,0.0,146.7,,24.94,203.5,78.0,,203.4,,9.15,13.7,3.0,3.7,1.0,False
LA,121.0,408.0,No,No,0.0,181.5,121.0,30.86,218.4,98.0,18.56,161.6,103.0,7.27,,5.0,2.3,1.0,False
NE,,,No,No,0.0,102.8,119.0,17.48,206.7,91.0,17.57,299.0,105.0,,10.1,7.0,2.73,1.0,False
OH,65.0,408.0,No,No,0.0,187.9,116.0,31.94,,117.0,,,,10.23,7.5,6.0,,1.0,False
MO,6.0,,No,No,,183.6,117.0,31.21,256.7,72.0,21.82,178.6,79.0,8.04,10.2,2.0,2.75,,False
AL,32.0,510.0,No,No,0.0,230.9,87.0,39.25,187.4,90.0,15.93,154.0,53.0,,,2.0,1.7,0.0,False
NH,64.0,408.0,,Yes,27.0,,91.0,30.96,169.7,98.0,14.42,164.7,86.0,7.41,10.6,,,2.0,False
NM,25.0,415.0,No,No,0.0,119.3,87.0,20.28,211.5,101.0,17.98,268.9,86.0,12.1,10.5,4.0,2.84,3.0,False
OR,65.0,,No,No,0.0,116.8,87.0,19.86,178.9,93.0,15.21,182.4,150.0,8.21,,,,1.0,False
MI,127.0,415.0,No,No,,202.1,103.0,34.36,229.4,86.0,19.5,195.2,,8.78,,3.0,3.11,2.0,False
AZ,93.0,415.0,No,No,,271.6,71.0,46.17,229.4,108.0,,,121.0,3.48,10.9,3.0,,2.0,False
TX,208.0,510.0,,No,0.0,326.5,67.0,55.51,176.3,113.0,,181.7,,8.18,,6.0,2.89,2.0,True
IN,122.0,415.0,No,,0.0,243.8,98.0,,83.9,72.0,7.13,179.8,84.0,8.09,13.7,8.0,,2.0,False
LA,,415.0,No,,0.0,,72.0,40.99,155.6,98.0,13.23,188.2,109.0,8.47,11.6,,3.13,1.0,False
MS,,415.0,No,No,0.0,,112.0,23.14,272.9,,23.2,220.2,104.0,9.91,4.4,2.0,,1.0,False
,65.0,,No,No,0.0,213.4,111.0,36.28,234.5,94.0,19.93,250.1,123.0,11.25,2.7,4.0,0.73,1.0,False
,45.0,415.0,No,,22.0,196.6,84.0,33.42,313.2,,26.62,163.3,108.0,,,3.0,,0.0,False
MN,139.0,,No,No,0.0,,,22.85,211.3,,17.96,193.6,125.0,8.71,,2.0,,5.0,True
WY,215.0,510.0,No,No,0.0,83.6,148.0,14.21,120.9,91.0,10.28,,110.0,10.2,10.7,,2.89,0.0,False
,94.0,408.0,No,No,0.0,,85.0,30.91,202.4,98.0,17.2,245.9,,11.07,,2.0,,4.0,False
NM,,510.0,,Yes,23.0,,114.0,,278.0,137.0,23.63,228.4,112.0,10.28,11.8,4.0,,2.0,False
MI,86.0,510.0,No,Yes,41.0,119.0,101.0,20.23,,134.0,19.55,236.9,,10.66,9.5,,,0.0,False
FL,106.0,408.0,No,Yes,32.0,165.9,126.0,28.2,216.5,93.0,18.4,173.1,,,14.1,8.0,3.81,4.0,False
KS,92.0,408.0,,No,0.0,62.6,,10.64,,126.0,,221.7,,9.98,10.4,,2.81,1.0,True
SC,78.0,510.0,No,,,168.3,110.0,28.61,221.2,73.0,18.8,241.0,136.0,,12.5,1.0,3.38,,False
NC,155.0,408.0,No,No,0.0,262.4,55.0,44.61,194.6,113.0,16.54,146.5,85.0,6.59,8.3,6.0,2.24,,False
MO,64.0,510.0,No,,48.0,94.4,104.0,16.05,136.2,101.0,11.58,147.4,89.0,6.63,,4.0,1.22,0.0,False
WA,83.0,415.0,No,,0.0,,103.0,37.64,,103.0,19.7,,,5.51,9.8,5.0,2.65,3.0,False
,144.0,408.0,No,Yes,48.0,189.8,96.0,32.27,123.4,67.0,10.49,214.2,,9.64,6.5,2.0,,,True
MT,143.0,415.0,,,,172.3,97.0,29.29,174.0,108.0,,188.2,119.0,8.47,13.0,4.0,3.51,2.0,False
MN,81.0,415.0,No,No,,198.4,93.0,33.73,210.9,108.0,17.93,,71.0,,10.4,6.0,2.81,2.0,False
,145.0,408.0,No,Yes,24.0,147.5,90.0,25.08,175.7,108.0,14.93,252.1,102.0,11.34,15.6,3.0,4.21,2.0,False
OK,89.0,510.0,No,No,,303.9,95.0,,260.9,114.0,22.18,312.1,89.0,14.04,5.3,,1.43,1.0,True
CT,,415.0,,Yes,34.0,230.6,121.0,39.2,,99.0,18.65,299.3,,13.47,8.0,2.0,2.16,0.0,False
CT,96.0,415.0,No,Yes,,172.7,93.0,29.36,120.1,116.0,10.21,216.1,,9.72,10.3,,,5.0,True
MN,94.0,415.0,No,No,0.0,181.5,98.0,,199.9,88.0,16.99,287.7,114.0,,6.6,5.0,1.78,1.0,False
FL,127.0,415.0,No,No,0.0,,106.0,45.32,264.8,168.0,22.51,207.2,119.0,9.32,5.9,,1.59,1.0,True
,121.0,408.0,No,,0.0,170.4,108.0,28.97,350.5,,,,87.0,13.37,11.2,3.0,3.02,0.0,True
IN,122.0,408.0,No,No,0.0,,99.0,50.39,214.8,89.0,18.26,133.9,,6.03,11.4,3.0,3.08,4.0,True
AL,121.0,408.0,No,Yes,35.0,68.7,95.0,11.68,209.2,69.0,17.78,197.4,42.0,8.88,11.4,4.0,3.08,1.0,False
OR,77.0,510.0,No,,0.0,233.8,,,266.5,94.0,22.65,212.7,104.0,,7.6,3.0,2.05,2.0,False
MS,64.0,,Yes,No,0.0,,77.0,,218.6,85.0,18.58,194.1,,,13.2,2.0,,,True
CA,,408.0,Yes,,,244.6,89.0,41.58,188.8,80.0,16.05,206.0,114.0,9.27,11.3,4.0,3.05,1.0,False
DE,148.0,415.0,No,No,,124.4,83.0,21.15,,81.0,15.27,,,11.39,11.3,6.0,3.05,0.0,False
MS,77.0,,No,No,0.0,230.0,87.0,39.1,103.2,,8.77,309.6,136.0,13.93,11.3,,3.05,2.0,False
,,,No,No,,201.8,,34.31,225.0,114.0,,204.4,82.0,9.2,10.3,,2.78,1.0,False
SD,87.0,415.0,,Yes,21.0,214.0,113.0,36.38,180.0,114.0,15.3,134.5,82.0,6.05,10.6,5.0,2.86,0.0,False
NH,54.0,,No,No,,210.5,,35.79,,83.0,17.38,127.8,53.0,5.75,8.5,5.0,2.3,1.0,False
,35.0,,No,No,0.0,105.6,129.0,17.95,,129.0,,,,9.59,8.7,,2.35,0.0,False
TX,84.0,,No,No,0.0,138.6,102.0,,199.0,93.0,16.92,204.1,137.0,9.18,7.8,4.0,2.11,0.0,False
OR,94.0,,No,No,0.0,234.4,103.0,39.85,279.3,109.0,23.74,234.2,121.0,,2.0,2.0,0.54,1.0,True
UT,96.0,408.0,,Yes,26.0,,108.0,24.79,192.2,,16.34,,96.0,7.43,,,2.67,,False
NV,64.0,,No,,,97.2,80.0,,,,15.83,189.0,,8.5,10.4,6.0,2.81,2.0,False
NE,,,No,No,0.0,259.8,,44.17,242.3,117.0,,168.8,72.0,7.6,,,1.46,0.0,False
,117.0,408.0,No,,,,84.0,40.78,174.8,106.0,,209.5,93.0,9.43,9.8,2.0,2.65,0.0,False
DC,112.0,,No,Yes,,221.6,110.0,,130.2,123.0,11.07,200.0,108.0,9.0,11.3,3.0,3.05,1.0,False
MA,129.0,510.0,Yes,No,0.0,192.9,131.0,,185.5,101.0,15.77,205.2,130.0,,10.9,4.0,2.94,1.0,False
AZ,140.0,408.0,No,No,0.0,173.2,91.0,,196.8,106.0,16.73,,,,11.2,5.0,3.02,,False
MI,,,No,No,,153.5,99.0,26.1,197.6,,16.8,198.5,86.0,8.93,6.3,2.0,1.7,2.0,False
TX,,510.0,,No,0.0,59.5,103.0,10.12,257.2,106.0,21.86,208.3,86.0,9.37,11.1,6.0,3.0,0.0,False
ID,79.0,510.0,,Yes,21.0,264.3,79.0,44.93,202.8,118.0,17.24,173.4,92.0,7.8,6.3,3.0,1.7,,False
AL,85.0,408.0,No,,0.0,,107.0,21.74,,124.0,,202.2,76.0,9.1,12.5,5.0,3.38,0.0,False
SD,91.0,510.0,No,No,0.0,149.0,,,245.3,105.0,,260.0,94.0,11.7,8.3,,2.24,0.0,False
LA,149.0,415.0,No,Yes,20.0,198.9,77.0,33.81,274.0,,23.29,,,,14.3,,3.86,1.0,False
AZ,,415.0,No,No,0.0,98.2,88.0,16.69,180.5,69.0,15.34,223.6,69.0,10.06,9.3,2.0,2.51,2.0,False
,,408.0,No,No,0.0,147.9,109.0,25.14,,,19.41,299.7,90.0,13.49,9.6,,2.59,3.0,False
,144.0,415.0,No,Yes,18.0,,109.0,18.09,108.1,,9.19,208.4,,,10.1,5.0,2.73,1.0,False
AZ,86.0,415.0,No,Yes,32.0,70.9,163.0,12.05,166.7,121.0,14.17,244.9,105.0,11.02,11.1,,3.0,3.0,False
MI,139.0,415.0,No,Yes,20.0,214.6,101.0,,235.1,132.0,19.98,162.8,,7.33,14.8,12.0,4.0,0.0,False
NV,124.0,408.0,No,,0.0,151.1,123.0,25.69,,104.0,,255.4,93.0,11.49,5.3,3.0,1.43,1.0,False
,,510.0,Yes,No,0.0,233.8,,39.75,221.6,131.0,18.84,146.9,106.0,,,3.0,3.46,0.0,False
IN,78.0,415.0,,,0.0,208.9,,35.51,252.4,132.0,21.45,280.2,120.0,12.61,12.8,7.0,3.46,0.0,False
AL,55.0,415.0,Yes,No,0.0,191.9,,32.62,256.1,110.0,21.77,203.7,101.0,9.17,,6.0,3.86,1.0,True
,129.0,415.0,No,Yes,33.0,119.6,104.0,20.33,278.7,88.0,23.69,263.4,175.0,11.85,,2.0,1.59,2.0,False
ME,,408.0,Yes,No,0.0,,,35.92,105.6,,,175.9,,7.92,9.7,4.0,2.62,,True
,126.0,415.0,No,Yes,23.0,114.3,,19.43,190.3,103.0,,240.4,111.0,10.82,12.6,7.0,3.4,3.0,False
,92.0,415.0,,No,0.0,154.0,,26.18,,88.0,28.03,288.0,,12.96,5.6,2.0,1.51,3.0,True
OK,,408.0,,No,0.0,214.7,,,,,13.48,123.4,114.0,5.55,9.4,4.0,2.54,2.0,False
,87.0,510.0,No,No,0.0,231.3,105.0,39.32,171.7,108.0,14.59,67.7,136.0,,,6.0,3.51,1.0,False
NJ,95.0,,No,Yes,22.0,40.9,126.0,6.95,,90.0,11.34,,91.0,11.89,,7.0,3.21,0.0,False
,67.0,510.0,No,No,,310.4,97.0,52.77,66.5,123.0,5.65,246.5,99.0,11.09,9.2,10.0,2.48,4.0,False
OR,165.0,415.0,No,No,0.0,,126.0,36.82,190.8,104.0,16.22,224.7,123.0,,12.4,8.0,3.35,0.0,False
RI,150.0,415.0,No,Yes,,209.9,77.0,35.68,158.0,52.0,,141.9,113.0,6.39,6.6,1.0,1.78,,False
NC,26.0,415.0,No,No,0.0,234.5,,39.87,216.5,129.0,18.4,191.6,94.0,8.62,3.5,,0.95,3.0,False
MD,79.0,510.0,,Yes,,103.1,90.0,,243.0,135.0,20.66,,92.0,3.44,12.2,8.0,,3.0,False
WI,,510.0,Yes,No,0.0,,90.0,,248.7,91.0,21.14,171.0,118.0,7.69,8.4,10.0,2.27,2.0,True
VT,95.0,510.0,Yes,Yes,41.0,136.8,,23.26,200.8,61.0,,133.7,67.0,6.02,10.3,9.0,2.78,5.0,True
NY,157.0,415.0,No,No,0.0,224.5,111.0,38.17,200.7,,17.06,116.6,118.0,5.25,,,,,False
VT,80.0,415.0,No,No,0.0,160.6,103.0,,,,20.15,245.1,88.0,11.03,,1.0,2.89,,False
AZ,75.0,,,Yes,37.0,121.5,97.0,20.66,271.4,110.0,23.07,248.7,97.0,11.19,11.3,5.0,3.05,2.0,False
WV,,,No,No,0.0,228.1,121.0,38.78,276.5,79.0,23.5,279.8,77.0,12.59,9.9,5.0,2.67,2.0,True
OK,101.0,408.0,No,,,89.7,118.0,15.25,260.1,79.0,22.11,170.1,93.0,7.65,13.5,11.0,3.65,5.0,True
WI,,408.0,No,,14.0,80.2,81.0,13.63,219.0,,,122.6,102.0,5.52,8.6,2.0,2.32,1.0,False
PA,82.0,408.0,No,No,,125.7,96.0,21.37,,137.0,17.65,,103.0,8.24,12.9,,3.48,,False
NY,39.0,408.0,No,,0.0,160.4,68.0,27.27,102.6,103.0,8.72,235.3,,10.59,9.1,5.0,2.46,2.0,False
NM,30.0,415.0,No,No,0.0,169.9,144.0,28.88,225.2,118.0,19.14,169.7,93.0,,11.4,,3.08,1.0,False
,,415.0,No,,29.0,142.3,107.0,24.19,118.7,56.0,10.09,240.1,91.0,10.8,6.6,8.0,1.78,1.0,False
WY,,415.0,No,No,0.0,,55.0,,261.5,83.0,22.23,,,7.34,8.7,3.0,2.35,3.0,False
PA,91.0,510.0,No,No,0.0,231.8,120.0,39.41,150.6,106.0,12.8,269.2,129.0,12.11,,7.0,3.13,3.0,False
NV,105.0,415.0,Yes,Yes,29.0,220.7,82.0,,,,18.5,,100.0,8.57,13.2,6.0,3.56,1.0,True
WA,166.0,,Yes,Yes,35.0,,138.0,21.79,274.5,113.0,,,,13.45,,7.0,2.38,2.0,False
FL,79.0,,No,No,0.0,130.2,119.0,22.13,290.9,121.0,24.73,194.8,140.0,8.77,14.0,6.0,3.78,3.0,False
ME,105.0,408.0,,Yes,33.0,209.6,,35.63,146.9,140.0,12.49,,,,10.6,3.0,2.86,2.0,False
,172.0,415.0,No,No,,215.7,140.0,36.67,146.3,,12.44,264.6,83.0,11.91,7.1,1.0,1.92,3.0,False
KS,,,No,,0.0,150.7,105.0,,,,16.77,,116.0,7.61,9.2,15.0,2.48,1.0,False
ND,,,,No,0.0,161.5,92.0,27.46,173.5,108.0,14.75,206.2,95.0,9.28,7.9,,2.13,2.0,False
WV,153.0,,No,Yes,28.0,,74.0,40.05,227.9,,19.37,170.3,103.0,7.66,15.4,,4.16,0.0,False
,54.0,415.0,No,Yes,,206.9,143.0,35.17,127.8,72.0,10.86,199.2,120.0,8.96,9.2,1.0,2.48,,False
CA,79.0,510.0,No,,,157.6,85.0,26.79,194.1,,16.5,231.5,,10.42,9.4,,2.54,5.0,True
MN,,415.0,No,No,0.0,,147.0,29.85,,,,289.5,55.0,13.03,,4.0,,0.0,False
MT,109.0,408.0,No,No,0.0,264.7,,,305.0,,25.93,197.4,86.0,,9.5,9.0,2.57,1.0,True
SD,,408.0,,Yes,31.0,282.3,,47.99,,89.0,12.92,225.5,93.0,,12.0,4.0,3.24,,False
MT,27.0,510.0,No,No,0.0,,102.0,32.95,118.9,104.0,10.11,135.9,124.0,6.12,,3.0,2.48,0.0,False
WV,32.0,,No,Yes,26.0,,109.0,45.34,232.3,,19.75,212.8,98.0,,,4.0,,1.0,False
CT,3.0,,No,Yes,36.0,118.1,,20.08,221.5,125.0,18.83,103.9,89.0,4.68,,6.0,3.21,2.0,False
DE,119.0,415.0,No,No,0.0,176.8,90.0,30.06,224.7,81.0,19.1,204.6,77.0,9.21,7.5,15.0,2.03,1.0,False
LA,43.0,415.0,No,No,0.0,241.9,101.0,41.12,129.4,121.0,,264.8,104.0,,5.9,3.0,1.59,1.0,False
KS,116.0,510.0,No,No,0.0,189.5,90.0,32.22,,118.0,,,,,13.1,2.0,3.54,1.0,False
WV,107.0,415.0,No,No,0.0,123.1,,20.93,158.4,82.0,13.46,256.1,82.0,11.52,9.3,5.0,,0.0,False
,123.0,408.0,,No,0.0,159.1,94.0,27.05,241.6,119.0,20.54,202.4,120.0,9.11,6.5,1.0,1.76,,False
AK,110.0,408.0,No,No,0.0,100.1,90.0,17.02,,93.0,19.83,204.4,57.0,9.2,11.1,,3.0,3.0,False
,176.0,415.0,,No,0.0,,76.0,37.94,214.4,131.0,,154.4,80.0,6.95,10.1,,2.73,3.0,False
MN,13.0,510.0,No,Yes,21.0,,105.0,53.65,208.9,71.0,17.76,,123.0,,12.1,3.0,3.27,3.0,False
,88.0,,,,0.0,189.8,,32.27,197.3,101.0,16.77,,,10.55,,3.0,4.02,2.0,False
,,,No,Yes,29.0,155.4,110.0,26.42,188.5,104.0,16.02,254.9,118.0,11.47,8.0,4.0,2.16,3.0,False
WI,165.0,510.0,No,No,0.0,154.2,91.0,26.21,268.6,108.0,22.83,,99.0,8.5,,4.0,2.94,6.0,False
AR,,415.0,No,No,0.0,178.8,94.0,,178.4,97.0,15.16,169.2,77.0,7.61,7.5,3.0,2.03,,False
,,,No,No,,149.3,104.0,25.38,273.6,75.0,,206.6,72.0,9.3,9.1,4.0,,0.0,False
ID,83.0,415.0,,Yes,32.0,94.7,111.0,16.1,154.4,98.0,13.12,,109.0,9.02,10.6,6.0,2.86,2.0,False
VA,158.0,,,No,0.0,222.8,101.0,37.88,203.0,128.0,,210.6,106.0,9.48,6.9,,1.86,,False
WV,115.0,510.0,,No,0.0,,95.0,42.48,242.5,104.0,20.61,151.7,,,,6.0,,1.0,True
,103.0,,,,36.0,,92.0,14.82,169.3,110.0,14.39,166.7,80.0,7.5,10.9,5.0,2.94,6.0,True
NJ,64.0,415.0,No,No,0.0,224.8,111.0,38.22,,101.0,,,110.0,9.96,9.2,2.0,2.48,1.0,False
,86.0,510.0,No,Yes,39.0,261.2,122.0,44.4,,101.0,18.21,,101.0,6.97,12.7,5.0,,2.0,False
,151.0,,No,Yes,26.0,196.5,98.0,33.41,175.8,111.0,,221.8,124.0,9.98,13.4,5.0,3.62,0.0,False
NM,87.0,,Yes,No,0.0,167.3,119.0,28.44,198.5,119.0,16.87,133.1,88.0,5.99,11.0,6.0,2.97,1.0,False
TX,90.0,415.0,No,No,,109.6,88.0,18.63,137.6,108.0,11.7,,121.0,7.19,11.0,5.0,,2.0,False
LA,108.0,510.0,,Yes,,276.6,,,220.1,113.0,,177.9,95.0,8.01,9.8,6.0,2.65,2.0,False
TN,33.0,415.0,,,35.0,186.8,124.0,31.76,261.0,69.0,22.19,317.8,103.0,14.3,15.0,,4.05,0.0,False
WI,149.0,415.0,Yes,Yes,28.0,126.9,97.0,21.57,166.9,102.0,14.19,145.2,77.0,6.53,8.8,3.0,2.38,5.0,True
MT,106.0,510.0,,No,0.0,169.4,,,197.2,,16.76,202.2,,9.1,,4.0,,1.0,False
ND,167.0,408.0,Yes,No,0.0,219.1,100.0,37.25,242.9,,20.65,,101.0,7.6,10.1,,2.73,2.0,False
WI,35.0,510.0,No,Yes,27.0,241.7,87.0,41.09,,101.0,12.07,288.9,68.0,13.0,9.4,4.0,2.54,1.0,False
MO,107.0,,No,,22.0,281.1,83.0,,,130.0,12.21,239.4,,10.77,11.2,9.0,3.02,1.0,False
AZ,92.0,415.0,Yes,Yes,45.0,281.1,88.0,,,103.0,,94.3,,4.24,7.5,3.0,,0.0,False
VT,,,,No,0.0,137.8,,23.43,286.3,76.0,24.34,167.0,77.0,7.52,14.1,3.0,3.81,2.0,False
,,408.0,Yes,No,0.0,148.5,,25.25,219.4,125.0,18.65,,,8.93,14.5,7.0,3.92,,True
NE,123.0,510.0,No,,,,,32.98,242.0,114.0,,146.3,108.0,6.58,,4.0,,1.0,False
,,510.0,,Yes,41.0,130.9,115.0,22.25,,,,171.7,,,12.4,4.0,3.35,,False
NM,153.0,,No,No,0.0,185.3,127.0,31.5,208.0,73.0,17.68,206.1,124.0,9.27,15.1,3.0,,,False
FL,143.0,,,No,,119.1,117.0,20.25,287.7,136.0,,223.0,,10.04,12.2,4.0,3.29,0.0,False
SC,87.0,408.0,,No,0.0,,106.0,54.83,,93.0,17.39,186.2,128.0,8.38,9.4,4.0,2.54,2.0,True
IN,100.0,,No,No,0.0,216.2,107.0,,215.6,84.0,18.33,,127.0,6.23,10.2,3.0,2.75,0.0,False
FL,144.0,415.0,No,Yes,51.0,283.9,,48.26,192.0,109.0,16.32,,85.0,,10.0,4.0,2.7,1.0,False
ND,70.0,415.0,,Yes,31.0,125.9,101.0,21.4,,102.0,,252.7,75.0,,10.3,4.0,2.78,1.0,False
MA,136.0,408.0,Yes,No,0.0,199.6,89.0,33.93,211.4,96.0,17.97,,84.0,3.26,11.0,,2.97,3.0,True
MO,120.0,415.0,No,Yes,24.0,212.7,,36.16,257.5,103.0,21.89,227.8,,10.25,9.7,13.0,2.62,2.0,False
WY,104.0,408.0,No,No,0.0,183.6,133.0,31.21,,98.0,10.26,215.1,112.0,9.68,,2.0,,1.0,False
CA,75.0,510.0,No,Yes,38.0,163.6,132.0,27.81,146.7,,12.47,345.8,115.0,15.56,13.1,,3.54,3.0,False
NE,127.0,510.0,Yes,No,0.0,180.9,114.0,,209.5,118.0,17.81,249.9,105.0,,7.4,4.0,2.0,2.0,False
ID,122.0,,No,Yes,33.0,,96.0,46.04,,110.0,18.73,169.9,104.0,7.65,11.8,8.0,,4.0,False
VT,124.0,415.0,No,,0.0,,72.0,30.33,233.6,134.0,19.86,,91.0,8.07,12.0,2.0,3.24,0.0,False
MO,167.0,,Yes,No,0.0,244.8,91.0,41.62,60.8,105.0,5.17,,110.0,7.95,10.7,3.0,2.89,2.0,False
VA,89.0,415.0,No,Yes,32.0,209.9,113.0,35.68,249.8,104.0,,224.2,92.0,10.09,8.7,,2.35,1.0,False
VT,,408.0,No,No,0.0,,95.0,,188.8,104.0,16.05,136.2,89.0,6.13,13.5,3.0,,,False
MS,1.0,415.0,No,No,0.0,144.8,107.0,24.62,112.5,66.0,9.56,218.7,79.0,9.84,13.8,3.0,3.73,1.0,False
KY,60.0,,No,No,,135.4,,,205.9,85.0,17.5,204.0,,9.18,7.9,4.0,2.13,,False
WV,77.0,510.0,No,No,,67.7,68.0,11.51,195.7,,16.63,,137.0,10.64,12.0,2.0,,1.0,False
DC,,415.0,No,No,0.0,224.4,121.0,38.15,,97.0,12.57,183.8,74.0,8.27,,2.0,,2.0,False
IA,63.0,510.0,No,No,,153.5,81.0,,287.3,,24.42,,,,6.5,5.0,1.76,2.0,False
MN,150.0,,No,Yes,28.0,174.4,75.0,29.65,169.9,80.0,14.44,201.6,130.0,9.07,11.0,4.0,,1.0,False
VT,101.0,415.0,,No,0.0,153.8,89.0,26.15,234.0,89.0,19.89,196.3,77.0,8.83,,,3.13,,False
,132.0,415.0,No,Yes,39.0,175.7,93.0,29.87,187.2,94.0,15.91,225.5,118.0,10.15,,3.0,2.32,,False
CA,,510.0,No,No,0.0,155.9,123.0,26.5,224.2,112.0,19.06,221.0,,9.95,8.6,8.0,,2.0,False
MS,114.0,415.0,No,Yes,34.0,,109.0,,221.4,142.0,,208.5,103.0,,10.3,5.0,2.78,0.0,False
,77.0,,No,,,209.7,73.0,,183.6,,15.61,205.5,111.0,9.25,7.1,,1.92,,False
NJ,107.0,415.0,No,No,0.0,212.1,95.0,36.06,,88.0,12.76,,111.0,9.89,7.7,2.0,2.08,3.0,False
NJ,48.0,510.0,No,Yes,22.0,152.0,63.0,25.84,258.8,,22.0,263.2,109.0,,15.7,5.0,4.24,,True
TN,59.0,415.0,,No,,160.9,,,251.2,,,,97.0,12.3,5.0,5.0,1.35,3.0,False
,129.0,510.0,No,No,0.0,334.3,118.0,,192.1,104.0,16.33,191.0,,8.59,10.4,,,0.0,True
TX,,,No,,0.0,,94.0,32.11,203.9,104.0,17.33,151.8,,6.83,11.6,,3.13,3.0,False
MI,50.0,415.0,No,,,192.6,97.0,32.74,135.2,101.0,11.49,216.2,101.0,9.73,7.9,2.0,2.13,2.0,False
MS,116.0,415.0,No,No,0.0,217.3,91.0,36.94,216.1,95.0,18.37,148.1,76.0,6.66,11.3,,3.05,2.0,False
OK,52.0,510.0,No,Yes,38.0,169.3,,28.78,225.9,97.0,,172.0,86.0,,8.2,3.0,2.21,0.0,False
ND,12.0,510.0,Yes,No,0.0,,,,,126.0,9.9,,,,,4.0,2.65,,False
ND,105.0,510.0,,,0.0,246.4,83.0,41.89,256.2,101.0,21.78,169.0,151.0,,3.8,4.0,,0.0,False
NY,,415.0,No,,,,93.0,26.55,,54.0,16.41,222.7,94.0,10.02,13.1,5.0,3.54,1.0,False
WV,13.0,415.0,No,,0.0,,74.0,24.89,148.5,92.0,12.62,,96.0,9.75,11.3,3.0,3.05,1.0,False
WV,67.0,,,No,0.0,167.8,91.0,,167.7,69.0,,110.3,71.0,,,12.0,2.27,1.0,False
DC,148.0,415.0,No,Yes,11.0,252.9,129.0,,284.3,88.0,24.17,262.8,,,,1.0,3.32,,False
MN,116.0,510.0,No,,0.0,201.8,82.0,34.31,231.5,,19.68,,130.0,10.17,16.5,5.0,4.46,0.0,False
DE,131.0,408.0,No,,0.0,,80.0,16.05,215.1,101.0,18.28,179.7,108.0,,13.1,,3.54,,False
,119.0,510.0,No,,,190.4,,32.37,215.6,113.0,18.33,,111.0,7.25,10.0,1.0,2.7,2.0,False
NY,94.0,510.0,Yes,No,0.0,243.2,109.0,41.34,147.0,,12.5,94.9,99.0,4.27,7.2,4.0,1.94,,False
TX,,408.0,No,No,0.0,176.4,115.0,29.99,158.8,128.0,13.5,306.6,107.0,,9.3,3.0,2.51,4.0,False
OR,161.0,415.0,No,No,,178.1,109.0,30.28,146.5,86.0,,137.6,78.0,6.19,8.5,2.0,2.3,1.0,False
KS,67.0,408.0,No,No,0.0,201.4,101.0,,97.6,,8.3,202.5,,,7.0,3.0,1.89,0.0,False
ND,132.0,415.0,,Yes,,174.5,,29.67,245.6,,,172.8,76.0,7.78,10.3,9.0,2.78,1.0,False
PA,134.0,408.0,,No,0.0,205.3,122.0,34.9,240.5,155.0,20.44,179.1,,,5.0,9.0,1.35,1.0,False
,44.0,510.0,No,,0.0,143.2,77.0,24.34,169.8,114.0,14.43,,77.0,9.71,7.6,4.0,2.05,1.0,False
,53.0,,No,,27.0,25.9,119.0,4.4,,96.0,17.55,,64.0,10.26,6.5,7.0,1.76,1.0,False
NY,108.0,415.0,No,No,,,123.0,26.21,112.3,,9.55,,75.0,11.09,15.4,4.0,,4.0,True
,80.0,,No,,0.0,322.3,113.0,,,95.0,18.87,162.8,123.0,7.33,6.7,8.0,1.81,0.0,True
SD,88.0,415.0,,No,,,115.0,36.65,,85.0,18.38,171.3,65.0,7.71,11.8,,3.19,3.0,False
UT,,510.0,,,,208.8,,,,,18.16,,86.0,7.88,12.4,6.0,,3.0,False
AK,115.0,415.0,No,,0.0,245.2,105.0,41.68,159.0,109.0,,229.9,74.0,10.35,7.2,8.0,1.94,0.0,False
RI,,,No,No,0.0,98.4,78.0,16.73,,129.0,,248.2,114.0,,14.2,,3.83,1.0,False
,72.0,415.0,No,No,0.0,217.8,93.0,37.03,,,16.12,182.6,91.0,,10.4,5.0,2.81,4.0,False
DE,98.0,415.0,,Yes,29.0,179.9,97.0,30.58,,,16.08,164.3,76.0,,12.8,,3.46,3.0,False
ID,118.0,415.0,No,,,140.4,112.0,23.87,187.1,60.0,15.9,,155.0,9.36,7.9,1.0,2.13,0.0,False
MO,,510.0,No,No,0.0,189.0,100.0,32.13,118.5,99.0,10.07,,87.0,11.16,17.1,6.0,,0.0,False
IL,,415.0,No,No,,155.9,,26.5,256.1,97.0,,262.9,103.0,11.83,11.7,,3.16,3.0,False
FL,136.0,408.0,,No,0.0,199.2,122.0,33.86,214.7,114.0,18.25,150.9,105.0,6.79,11.8,7.0,,1.0,False
KY,,415.0,No,No,0.0,157.1,79.0,26.71,162.6,,13.82,150.0,138.0,6.75,12.1,6.0,3.27,,False
MI,91.0,415.0,No,No,0.0,154.4,165.0,,,121.0,14.31,239.9,81.0,10.8,11.7,4.0,3.16,5.0,True
NY,,415.0,No,No,0.0,,85.0,28.29,243.2,135.0,,229.2,95.0,10.31,9.9,,2.67,,False
,159.0,415.0,,Yes,19.0,,,31.3,194.5,71.0,16.53,225.6,,10.15,16.9,3.0,4.56,0.0,False
,122.0,,No,No,0.0,35.1,,5.97,180.8,,15.37,251.6,58.0,,12.7,2.0,3.43,,False
MI,,415.0,No,Yes,29.0,179.4,113.0,30.5,275.4,,23.41,246.1,105.0,,10.0,5.0,2.7,0.0,False
NH,155.0,408.0,No,,0.0,216.7,30.0,36.84,144.3,125.0,12.27,135.3,,6.09,,1.0,,2.0,False
WA,161.0,,,,,151.6,,25.77,219.4,87.0,18.65,224.7,68.0,10.11,4.0,5.0,1.08,1.0,False
NY,122.0,415.0,No,No,0.0,,,29.51,91.7,84.0,7.79,211.7,103.0,9.53,9.7,7.0,,3.0,False
,37.0,415.0,Yes,No,0.0,106.6,76.0,18.12,147.4,89.0,12.53,235.8,113.0,10.61,9.6,8.0,2.59,2.0,False
KS,128.0,415.0,No,No,,103.3,,,245.9,123.0,20.9,,95.0,7.25,6.4,,1.73,0.0,False
DE,89.0,510.0,Yes,No,0.0,,108.0,21.35,213.0,90.0,18.11,,108.0,8.18,5.4,5.0,,1.0,False
IN,108.0,415.0,No,No,,199.3,104.0,,224.2,,19.06,140.1,57.0,6.3,15.2,,4.1,0.0,False
VT,109.0,,,,0.0,222.2,,,218.5,122.0,18.57,,88.0,,10.9,5.0,2.94,1.0,False
WA,29.0,,No,No,0.0,157.4,122.0,26.76,145.0,75.0,12.33,281.8,92.0,12.68,9.3,2.0,,1.0,False
NM,119.0,415.0,Yes,Yes,,160.0,95.0,27.2,209.5,,,82.3,,3.7,8.7,5.0,2.35,5.0,True
MO,,415.0,No,No,,83.5,96.0,14.2,,63.0,18.79,,75.0,15.74,12.6,3.0,3.4,,False
IA,92.0,,No,Yes,25.0,,112.0,22.78,,,17.51,180.6,118.0,8.13,,4.0,,0.0,False
WA,13.0,510.0,No,Yes,25.0,176.6,65.0,30.02,172.7,96.0,14.68,104.5,128.0,4.7,,,3.05,2.0,False
CT,144.0,510.0,Yes,Yes,35.0,174.8,127.0,29.72,219.6,,18.67,255.8,90.0,11.51,12.8,3.0,3.46,0.0,False
NH,139.0,,No,No,0.0,221.3,140.0,,157.8,89.0,13.41,192.5,89.0,8.66,,6.0,3.05,,False
LA,95.0,415.0,No,,0.0,141.1,84.0,23.99,,,17.97,103.7,127.0,4.67,5.9,6.0,1.59,3.0,False
ME,,408.0,No,Yes,,166.4,92.0,28.29,238.3,74.0,20.26,,84.0,6.78,10.7,4.0,,4.0,False
MT,,415.0,No,No,0.0,,93.0,36.7,240.1,,20.41,156.7,123.0,7.05,4.9,5.0,1.32,3.0,False
ID,,415.0,,,31.0,,91.0,30.87,213.2,,18.12,,104.0,9.35,11.4,,3.08,,False
UT,74.0,415.0,No,No,0.0,,84.0,,140.2,104.0,11.92,90.9,81.0,4.09,11.4,3.0,3.08,1.0,False
IL,48.0,510.0,,No,0.0,128.2,71.0,21.79,48.1,78.0,,,80.0,5.23,8.9,3.0,2.4,0.0,False
AZ,,510.0,No,No,0.0,,56.0,30.38,215.7,,,152.7,84.0,6.87,,,2.86,4.0,False
ID,56.0,510.0,,No,0.0,150.9,79.0,25.65,161.8,87.0,,167.7,115.0,,11.7,5.0,3.16,,False
TX,64.0,415.0,No,No,0.0,168.0,116.0,28.56,192.4,94.0,,166.5,98.0,7.49,,3.0,2.73,2.0,False
MT,,415.0,No,Yes,35.0,182.8,,31.08,,119.0,18.08,193.8,103.0,,11.0,,2.97,1.0,False
PA,101.0,415.0,Yes,No,,,108.0,32.93,186.6,98.0,15.86,223.0,100.0,10.04,11.6,8.0,3.13,,False
RI,,415.0,Yes,No,,197.2,97.0,33.52,211.7,115.0,,,,9.45,8.3,,,4.0,False
NH,90.0,415.0,No,No,0.0,76.1,121.0,12.94,,,24.68,236.9,89.0,10.66,10.8,,2.92,,False
,73.0,415.0,,No,0.0,,,30.99,199.2,97.0,16.93,120.2,113.0,5.41,18.0,5.0,4.86,1.0,False
NH,55.0,408.0,No,Yes,20.0,189.3,95.0,32.18,118.6,,10.08,250.2,102.0,,,4.0,,2.0,False
AK,76.0,415.0,No,,22.0,160.1,107.0,27.22,168.7,136.0,,23.2,102.0,1.04,,4.0,2.57,3.0,False
,157.0,415.0,No,No,0.0,,105.0,,,127.0,10.14,165.1,113.0,7.43,11.5,7.0,3.11,4.0,False
NJ,131.0,415.0,No,No,,211.8,115.0,36.01,260.5,102.0,,144.2,96.0,6.49,10.8,,2.92,0.0,False
MI,,415.0,No,No,0.0,229.7,129.0,39.05,336.0,,28.56,192.8,,8.68,9.6,,2.59,1.0,True
ID,166.0,415.0,No,No,0.0,220.7,106.0,37.52,177.8,,15.11,206.1,,9.27,12.4,9.0,3.35,1.0,False
OR,66.0,408.0,No,No,0.0,87.6,76.0,14.89,262.0,,,184.6,125.0,8.31,9.2,5.0,,1.0,False
,49.0,415.0,No,No,0.0,266.3,90.0,,207.8,117.0,17.66,205.0,98.0,9.23,14.0,2.0,3.78,,True
LA,89.0,415.0,No,No,0.0,,92.0,23.99,249.1,126.0,21.17,,73.0,6.12,10.8,2.0,2.92,,False
WI,90.0,415.0,,No,0.0,200.9,92.0,,164.3,91.0,13.97,249.0,98.0,11.21,8.9,7.0,2.4,1.0,False
ID,193.0,415.0,No,,0.0,,,16.46,,103.0,12.12,,115.0,,,5.0,2.94,2.0,True
,114.0,510.0,,No,0.0,172.0,,29.24,276.4,101.0,23.49,193.7,,8.72,,9.0,,,False
NV,,,,Yes,30.0,221.4,114.0,37.64,165.8,116.0,,,105.0,,10.8,12.0,,1.0,False
,71.0,415.0,,No,0.0,243.7,124.0,,60.0,90.0,5.1,189.0,129.0,8.5,,2.0,3.05,0.0,False
IL,31.0,,,,28.0,210.5,,35.79,250.5,86.0,21.29,241.6,125.0,10.87,11.5,,3.11,1.0,False
MA,111.0,415.0,No,,,284.4,89.0,48.35,,113.0,13.35,242.8,91.0,10.93,8.4,8.0,2.27,0.0,True
,97.0,408.0,No,,0.0,169.7,,,165.9,86.0,14.1,191.9,83.0,,12.8,6.0,3.46,3.0,False
ND,51.0,510.0,No,No,,227.2,89.0,38.62,194.4,,,,126.0,10.95,14.9,2.0,4.02,0.0,False
,86.0,415.0,,No,,223.9,75.0,38.06,,,,150.2,,,7.3,9.0,1.97,1.0,False
ND,190.0,,No,,0.0,169.4,102.0,28.8,253.5,113.0,,197.1,93.0,8.87,8.9,5.0,2.4,1.0,False
CT,80.0,408.0,No,,0.0,118.1,90.0,20.08,,,12.27,225.1,,,,6.0,2.21,,False
MO,36.0,,,No,0.0,202.4,115.0,34.41,230.7,115.0,19.61,202.0,127.0,9.09,10.2,2.0,2.75,3.0,False
NJ,45.0,,No,,0.0,155.7,110.0,,260.3,103.0,22.13,192.2,98.0,8.65,11.0,,2.97,1.0,False
NC,170.0,415.0,No,No,0.0,246.4,107.0,41.89,228.1,124.0,19.39,166.4,95.0,7.49,,8.0,2.46,0.0,False
,103.0,415.0,,No,0.0,189.8,,32.27,115.5,,9.82,191.3,103.0,8.61,12.2,4.0,3.29,0.0,False
WI,,408.0,,No,,167.8,,,247.9,81.0,21.07,155.1,108.0,,11.9,4.0,3.21,,False
MT,125.0,510.0,No,No,0.0,143.2,80.0,24.34,88.1,94.0,7.49,233.2,,,8.8,7.0,2.38,4.0,True
MS,,415.0,No,Yes,31.0,82.3,105.0,13.99,256.1,91.0,,229.6,98.0,,11.8,2.0,3.19,6.0,True
,232.0,408.0,No,No,0.0,,104.0,,195.9,115.0,16.65,118.3,,5.32,,,3.19,,False
SD,95.0,408.0,No,Yes,20.0,165.7,,28.17,215.6,94.0,18.33,,91.0,10.95,9.8,6.0,2.65,0.0,False
VA,182.0,415.0,No,No,0.0,176.1,90.0,29.94,174.9,106.0,14.87,234.7,134.0,10.56,9.7,4.0,2.62,1.0,False
NM,55.0,,No,No,0.0,119.7,148.0,20.35,231.8,,19.7,222.3,113.0,10.0,4.6,2.0,1.24,,False
VA,86.0,,No,,30.0,99.9,84.0,,,125.0,,254.7,,11.46,,,2.65,2.0,False
NJ,127.0,510.0,No,No,0.0,239.8,107.0,40.77,128.9,121.0,,249.9,110.0,,,5.0,3.05,1.0,False
TN,,415.0,No,No,0.0,164.5,75.0,27.97,147.9,118.0,12.57,252.7,97.0,11.37,11.2,2.0,3.02,0.0,False
MI,,510.0,,,0.0,220.9,107.0,37.55,192.2,97.0,16.34,161.0,74.0,,,,3.29,1.0,False
LA,111.0,415.0,No,Yes,28.0,,104.0,,157.3,52.0,13.37,147.4,,6.63,10.3,2.0,2.78,2.0,False
NH,121.0,510.0,No,Yes,35.0,,62.0,32.95,197.6,97.0,16.8,218.8,,9.85,5.9,,,0.0,False
RI,112.0,415.0,No,No,0.0,168.6,,28.66,298.0,117.0,25.33,194.7,110.0,8.76,9.8,5.0,2.65,1.0,False
LA,81.0,415.0,,Yes,,115.9,120.0,19.7,236.6,95.0,20.11,255.0,90.0,11.48,11.7,,3.16,3.0,False
AZ,,510.0,,No,0.0,272.4,88.0,46.31,,,9.17,185.5,81.0,8.35,12.7,2.0,,0.0,False
SC,,510.0,No,Yes,40.0,210.0,116.0,35.7,,89.0,19.78,168.8,94.0,7.6,,4.0,1.59,8.0,False
MD,163.0,408.0,,No,0.0,223.0,,,227.0,98.0,19.3,188.3,125.0,8.47,,5.0,,1.0,False
WA,104.0,415.0,No,,0.0,139.7,78.0,23.75,202.6,119.0,,203.6,102.0,9.16,11.3,,,2.0,False
CA,93.0,510.0,No,Yes,19.0,136.8,113.0,23.26,179.5,105.0,15.26,71.1,,,,3.0,3.38,2.0,False
NJ,197.0,510.0,,No,0.0,154.8,,26.32,171.5,102.0,14.58,227.3,86.0,10.23,10.6,2.0,2.86,3.0,False
AR,57.0,510.0,No,No,,192.8,68.0,,158.0,86.0,,,105.0,10.6,12.7,6.0,3.43,1.0,False
CT,107.0,408.0,No,No,0.0,,94.0,17.58,189.3,125.0,16.09,227.2,125.0,10.22,14.4,3.0,3.89,,False
SD,75.0,408.0,No,No,0.0,147.5,110.0,25.08,191.7,97.0,,,,,16.4,,4.43,2.0,False
FL,,408.0,,No,0.0,178.4,,,247.0,123.0,21.0,259.9,105.0,,,2.0,2.59,0.0,False
MS,70.0,408.0,No,No,0.0,148.4,110.0,25.23,267.1,90.0,22.7,151.5,,6.82,,4.0,,0.0,False
MA,80.0,408.0,No,No,0.0,148.6,,,210.8,65.0,17.92,203.7,,9.17,10.0,2.0,2.7,2.0,False
,137.0,510.0,No,No,0.0,97.5,95.0,,,,16.64,288.8,78.0,,0.0,,0.0,1.0,False
IL,,415.0,No,Yes,29.0,185.6,,31.55,219.7,113.0,18.67,152.1,120.0,6.84,,5.0,3.0,2.0,False
CT,30.0,408.0,No,No,0.0,137.6,108.0,,162.0,80.0,13.77,187.7,126.0,8.45,,10.0,1.57,3.0,False
KS,105.0,,Yes,,0.0,273.9,119.0,46.56,278.6,103.0,23.68,,90.0,11.49,10.9,,2.94,1.0,True
MA,102.0,415.0,No,Yes,31.0,,,21.3,,108.0,12.0,,68.0,7.57,6.3,2.0,1.7,3.0,False
NJ,83.0,415.0,No,No,0.0,,102.0,30.4,167.9,,14.27,178.9,,,8.6,4.0,,,False
AR,63.0,510.0,No,Yes,49.0,,86.0,36.53,,89.0,16.85,170.8,139.0,7.69,8.2,5.0,,0.0,False
MS,155.0,408.0,,No,0.0,163.0,,27.71,203.9,102.0,17.33,,109.0,7.15,15.1,4.0,4.08,,False
ME,105.0,408.0,No,,0.0,115.5,,19.64,267.3,83.0,22.72,114.2,90.0,5.14,13.3,5.0,,3.0,False
IA,73.0,415.0,No,,0.0,137.1,,,210.8,114.0,17.92,,120.0,8.61,,4.0,3.0,1.0,False
NM,,415.0,No,,19.0,132.7,94.0,22.56,204.6,101.0,17.39,154.7,78.0,6.96,12.9,7.0,3.48,3.0,False
TX,71.0,415.0,No,Yes,39.0,183.2,103.0,31.14,,,17.8,172.4,109.0,,11.9,6.0,3.21,1.0,False
KY,112.0,415.0,No,No,0.0,170.5,113.0,28.99,,129.0,16.42,,91.0,8.46,11.2,6.0,3.02,0.0,False
AZ,66.0,510.0,No,No,0.0,154.0,133.0,26.18,,,16.91,151.9,,6.84,9.5,,2.57,4.0,True
TN,99.0,408.0,No,No,0.0,,92.0,,173.0,103.0,14.71,195.1,,8.78,7.5,3.0,2.03,,False
WV,124.0,510.0,No,No,0.0,184.8,74.0,31.42,175.1,84.0,,158.2,,7.12,,6.0,2.84,,False
CT,,415.0,No,Yes,36.0,283.1,112.0,48.13,,86.0,24.33,261.7,129.0,11.78,11.3,3.0,3.05,3.0,False
NH,130.0,,No,,0.0,68.4,,11.63,193.3,110.0,16.43,171.5,139.0,7.72,10.4,4.0,2.81,0.0,False
MD,93.0,510.0,Yes,No,0.0,131.4,78.0,22.34,219.7,106.0,,155.7,103.0,7.01,,2.0,3.0,1.0,True
WV,191.0,,,No,0.0,162.0,,27.54,241.2,120.0,,210.4,83.0,9.47,,7.0,2.94,1.0,False
,88.0,,No,No,0.0,,82.0,25.19,308.7,67.0,26.24,235.4,79.0,10.59,6.4,4.0,1.73,,False
WY,16.0,415.0,No,No,,174.7,83.0,29.7,280.8,122.0,,171.7,80.0,,10.5,8.0,2.84,5.0,False
GA,107.0,510.0,No,No,0.0,194.5,97.0,33.07,186.3,131.0,,178.3,106.0,8.02,,1.0,3.43,2.0,False
AK,96.0,408.0,No,Yes,,150.0,,25.5,159.4,75.0,13.55,228.1,,10.26,8.5,3.0,2.3,1.0,False
CT,163.0,408.0,No,Yes,40.0,231.9,56.0,39.42,211.8,91.0,,268.5,74.0,,12.3,3.0,,2.0,False
,95.0,415.0,No,No,0.0,269.0,120.0,45.73,233.7,120.0,,179.3,61.0,8.07,7.3,4.0,1.97,2.0,True
OK,123.0,415.0,No,Yes,27.0,198.7,127.0,33.78,249.0,105.0,,173.2,124.0,7.79,12.5,5.0,3.38,1.0,False
MA,34.0,415.0,No,No,,293.7,89.0,,272.5,71.0,,178.2,76.0,8.02,11.0,10.0,,2.0,True
DE,96.0,,No,Yes,26.0,175.8,96.0,29.89,206.6,84.0,17.56,178.0,,8.01,11.1,,3.0,2.0,False
OH,,415.0,No,No,0.0,169.5,93.0,28.82,230.9,71.0,19.63,269.8,,12.14,9.0,7.0,,,False
ID,138.0,415.0,Yes,,17.0,225.2,116.0,38.28,173.4,88.0,14.74,,99.0,6.56,,4.0,3.16,0.0,False
MO,76.0,510.0,No,No,0.0,129.7,84.0,22.05,177.5,80.0,15.09,228.9,,,7.5,3.0,2.03,5.0,True
NC,83.0,510.0,No,Yes,36.0,,87.0,,,,22.24,228.6,109.0,10.29,13.3,4.0,3.59,0.0,False
,,408.0,No,No,0.0,170.6,,29.0,162.1,,13.78,210.7,131.0,9.48,6.1,1.0,1.65,,False
NJ,106.0,415.0,No,No,0.0,191.4,124.0,32.54,200.7,116.0,17.06,230.1,76.0,,8.2,3.0,2.21,1.0,False
MS,84.0,510.0,No,No,,75.3,96.0,12.8,179.9,113.0,15.29,193.8,134.0,8.72,12.3,,3.32,1.0,False
,99.0,408.0,No,No,0.0,128.8,86.0,21.9,203.9,105.0,17.33,282.6,131.0,12.72,14.1,4.0,3.81,2.0,False
RI,134.0,415.0,,,,141.7,95.0,24.09,205.6,101.0,17.48,218.5,60.0,,8.8,6.0,2.38,0.0,False
NJ,80.0,,,No,,,120.0,,301.0,,25.59,167.0,140.0,,5.8,1.0,1.57,2.0,True
,85.0,415.0,,No,,255.3,114.0,43.4,194.6,83.0,,276.6,78.0,12.45,3.7,5.0,1.0,3.0,False
,120.0,408.0,No,Yes,26.0,,94.0,,259.4,88.0,,238.0,132.0,,7.7,3.0,2.08,0.0,False
KS,120.0,510.0,,No,0.0,,110.0,26.86,197.0,,16.75,154.9,132.0,,10.0,5.0,2.7,1.0,False
NJ,125.0,415.0,,,0.0,182.3,64.0,,139.8,121.0,11.88,171.6,96.0,7.72,11.6,7.0,3.13,2.0,False
ND,118.0,415.0,No,Yes,39.0,91.5,125.0,15.56,219.9,113.0,18.69,229.0,,,12.7,,3.43,2.0,False
WY,,415.0,No,No,0.0,172.4,132.0,29.31,230.5,100.0,19.59,228.2,109.0,,11.0,,2.97,0.0,False
LA,112.0,510.0,,,0.0,174.5,,,,,22.04,170.5,120.0,7.67,,,3.05,1.0,False
,68.0,,No,,0.0,157.3,83.0,26.74,220.9,85.0,,,,9.85,12.0,,,1.0,False
TX,201.0,,No,Yes,,192.0,97.0,32.64,239.1,81.0,20.32,116.1,125.0,5.22,15.1,3.0,4.08,1.0,False
AR,116.0,510.0,No,No,0.0,160.7,69.0,27.32,146.8,,12.48,287.8,144.0,12.95,,5.0,2.21,0.0,False
GA,133.0,510.0,No,No,0.0,227.4,90.0,38.66,73.2,,6.22,114.3,99.0,5.14,4.7,7.0,1.27,0.0,False
KY,125.0,408.0,No,No,0.0,191.6,115.0,32.57,,108.0,17.48,210.2,123.0,9.46,9.2,,2.48,2.0,False
NE,,,No,No,0.0,225.0,,,244.2,111.0,20.76,,,9.95,,,,0.0,False
ND,110.0,408.0,No,No,0.0,196.1,103.0,33.34,199.7,123.0,16.97,135.9,71.0,6.12,12.9,1.0,,3.0,False
NH,83.0,415.0,No,No,,231.3,100.0,39.32,210.4,84.0,17.88,,106.0,9.78,,,3.35,3.0,False
IN,101.0,415.0,No,Yes,,,82.0,35.56,159.7,74.0,13.57,181.6,100.0,8.17,9.5,3.0,2.57,0.0,False
OR,117.0,,No,,,221.3,,37.62,167.6,100.0,14.25,262.7,,11.82,,4.0,1.19,0.0,False
OH,127.0,,No,No,0.0,139.6,94.0,23.73,240.9,112.0,,127.1,88.0,5.72,8.8,4.0,2.38,,False
KS,,510.0,No,Yes,,183.9,83.0,,,,20.46,185.7,,8.36,15.0,3.0,4.05,1.0,False
TX,120.0,415.0,No,No,,203.3,108.0,34.56,259.9,66.0,,115.9,103.0,5.22,7.8,2.0,2.11,3.0,False
DC,141.0,415.0,No,,37.0,,87.0,31.52,178.5,128.0,15.17,218.3,107.0,9.82,8.0,3.0,,4.0,False
,87.0,510.0,No,Yes,22.0,240.8,102.0,40.94,75.9,106.0,6.45,224.6,115.0,10.11,7.1,3.0,1.92,2.0,False
WA,97.0,,No,No,,276.1,82.0,46.94,,,17.09,231.3,73.0,10.41,8.9,4.0,2.4,0.0,True
NC,162.0,408.0,No,,,179.7,144.0,30.55,218.1,,18.54,,,,9.3,,2.51,1.0,True
,119.0,510.0,,No,0.0,81.9,75.0,13.92,253.8,,21.57,213.1,125.0,9.59,8.9,1.0,,,True
WI,107.0,510.0,No,,,248.6,,42.26,119.3,115.0,10.14,194.3,83.0,8.74,12.0,1.0,3.24,,False
SC,140.0,510.0,No,Yes,28.0,,77.0,26.71,172.4,97.0,14.65,184.5,94.0,8.3,11.1,9.0,3.0,1.0,False
SD,,415.0,No,,,153.0,,26.01,141.1,127.0,11.99,171.5,76.0,7.72,10.3,15.0,2.78,1.0,True
OH,135.0,415.0,No,No,0.0,218.8,123.0,37.2,242.8,64.0,,85.8,80.0,3.86,10.3,3.0,2.78,4.0,False
HI,86.0,408.0,,Yes,21.0,197.9,99.0,33.64,165.6,100.0,14.08,208.0,,9.36,10.1,9.0,2.73,0.0,False
KY,131.0,,No,No,0.0,166.5,129.0,,,107.0,,257.2,93.0,11.57,9.9,,,1.0,False
OH,86.0,415.0,No,Yes,29.0,225.4,79.0,38.32,,,15.9,281.1,112.0,12.65,,3.0,,1.0,False
AL,,415.0,,No,0.0,210.3,66.0,35.75,195.8,76.0,16.64,221.6,82.0,9.97,11.2,7.0,,1.0,False
VT,195.0,415.0,No,Yes,36.0,231.7,110.0,39.39,225.1,88.0,19.13,201.7,,9.08,12.1,2.0,3.27,0.0,False
,177.0,408.0,No,,0.0,189.5,99.0,32.22,176.3,117.0,,225.9,112.0,10.17,14.2,2.0,3.83,1.0,False
WA,100.0,408.0,No,No,,70.8,,,,102.0,18.33,230.8,125.0,10.39,9.5,,2.57,6.0,True
,,,,,,131.8,82.0,22.41,284.3,119.0,24.17,305.5,101.0,13.75,11.3,,3.05,1.0,False
DE,81.0,510.0,,No,0.0,250.6,85.0,42.6,187.9,50.0,,120.3,131.0,5.41,7.8,5.0,2.11,,False
HI,105.0,415.0,,No,,281.3,124.0,47.82,301.5,96.0,25.63,202.8,,,,3.0,2.35,0.0,True
MI,126.0,415.0,Yes,Yes,26.0,129.3,123.0,21.98,176.5,114.0,15.0,154.5,102.0,6.95,,7.0,,,False
,71.0,510.0,No,No,0.0,238.0,82.0,40.46,278.5,94.0,23.67,193.1,134.0,8.69,11.8,10.0,3.19,,True
NE,139.0,415.0,,No,0.0,211.1,103.0,35.89,206.9,108.0,,,70.0,8.73,5.6,4.0,1.51,0.0,False
NE,77.0,415.0,No,No,0.0,,102.0,28.8,184.9,144.0,15.72,,89.0,10.54,2.0,7.0,0.54,,False
,72.0,,No,No,,,97.0,30.11,184.7,105.0,15.7,,,7.83,8.0,6.0,2.16,1.0,False
KS,74.0,415.0,No,Yes,32.0,,107.0,29.68,310.6,,26.4,234.7,92.0,10.56,9.0,4.0,2.43,1.0,False
ND,124.0,415.0,,No,0.0,150.3,101.0,25.55,255.9,112.0,,,62.0,,12.5,4.0,3.38,2.0,False
KY,113.0,408.0,,,20.0,,83.0,26.83,161.5,56.0,13.73,,100.0,,8.7,2.0,2.35,5.0,True
,66.0,510.0,No,No,0.0,118.0,133.0,20.06,248.1,99.0,21.09,214.4,122.0,9.65,5.3,5.0,1.43,1.0,False
MT,124.0,415.0,No,,30.0,,35.0,24.57,262.3,101.0,,226.5,,10.19,12.0,7.0,3.24,2.0,False
,134.0,408.0,No,No,0.0,183.8,111.0,31.25,,92.0,10.5,160.7,105.0,,,2.0,1.65,1.0,False
ME,41.0,415.0,No,Yes,30.0,191.7,109.0,32.59,193.0,86.0,16.41,,93.0,6.72,,4.0,3.0,,False
SC,159.0,415.0,No,Yes,23.0,,93.0,26.11,216.9,88.0,18.44,161.3,91.0,7.26,12.6,3.0,3.4,,False
IL,87.0,408.0,Yes,Yes,36.0,171.2,138.0,29.1,185.8,102.0,15.79,227.6,97.0,10.24,,3.0,2.92,1.0,False
WA,,415.0,,No,,,115.0,40.82,180.4,91.0,15.33,133.4,,6.0,8.0,,2.16,3.0,False
NE,86.0,408.0,,No,0.0,,121.0,,240.2,96.0,20.42,158.6,108.0,7.14,,8.0,1.81,1.0,False
,,,Yes,No,0.0,269.6,121.0,,171.7,91.0,14.59,219.0,,,,6.0,2.21,1.0,False
VT,101.0,415.0,,No,0.0,136.2,92.0,,220.9,110.0,18.78,196.9,116.0,8.86,13.3,7.0,3.59,,False
KS,94.0,408.0,No,No,0.0,269.2,104.0,,193.8,144.0,16.47,257.6,61.0,11.59,8.9,2.0,2.4,3.0,True
,68.0,408.0,No,,,219.6,97.0,37.33,141.1,,11.99,205.7,101.0,,,4.0,,2.0,False
CO,98.0,408.0,,No,0.0,,122.0,40.15,189.4,110.0,16.1,153.6,104.0,,13.3,4.0,3.59,0.0,False
TX,123.0,408.0,No,No,0.0,260.9,85.0,,,,,178.3,91.0,8.02,13.3,5.0,3.59,3.0,False
CA,111.0,408.0,,,0.0,249.8,109.0,42.47,242.4,106.0,20.6,,78.0,10.43,11.6,4.0,3.13,0.0,True
,69.0,510.0,,Yes,27.0,268.8,78.0,45.7,,89.0,20.96,271.9,102.0,12.24,16.4,3.0,4.43,,False
RI,,415.0,No,,27.0,140.1,,23.82,,111.0,,257.9,73.0,11.61,3.8,10.0,1.03,1.0,False
,105.0,,,No,,,108.0,32.93,183.2,124.0,15.57,293.7,,13.22,10.8,,2.92,,False
VA,75.0,415.0,No,,0.0,224.7,116.0,38.2,192.0,79.0,16.32,212.2,98.0,9.55,,11.0,,3.0,False
TX,126.0,,No,No,0.0,,,32.45,149.7,72.0,12.72,191.4,87.0,,13.0,3.0,3.51,1.0,False
,41.0,415.0,No,No,0.0,232.1,74.0,39.46,327.1,88.0,27.8,226.5,,10.19,,,2.94,3.0,True
RI,113.0,415.0,No,No,0.0,90.6,130.0,15.4,170.6,100.0,,,74.0,6.18,5.4,9.0,1.46,1.0,False
NY,78.0,,No,No,0.0,152.9,81.0,25.99,256.6,82.0,21.81,173.6,112.0,7.81,,,1.43,2.0,False
WA,110.0,,No,No,0.0,241.2,105.0,41.0,174.3,85.0,14.82,245.3,59.0,11.04,,4.0,2.3,,False
,112.0,415.0,,Yes,16.0,200.3,72.0,34.05,197.8,91.0,16.81,151.1,92.0,6.8,10.4,3.0,,1.0,False
,,510.0,No,No,0.0,97.2,88.0,16.52,155.6,85.0,13.23,261.6,,11.77,12.4,,3.35,0.0,False
WV,,510.0,No,No,0.0,224.3,112.0,38.13,,103.0,15.78,,83.0,7.17,10.0,1.0,2.7,,False
NE,61.0,,No,No,0.0,,104.0,45.41,180.4,131.0,,,106.0,10.38,17.3,4.0,4.67,,True
,,415.0,,Yes,29.0,215.5,129.0,36.64,161.9,77.0,13.76,128.3,91.0,5.77,,5.0,2.38,,False
CT,152.0,408.0,No,Yes,20.0,239.1,105.0,,,111.0,17.77,268.2,130.0,,,,3.59,5.0,False
RI,63.0,415.0,,No,0.0,62.9,,10.69,202.9,,17.25,,58.0,11.66,8.9,8.0,2.4,1.0,False
IA,100.0,408.0,No,No,0.0,210.9,85.0,35.85,329.3,69.0,27.99,127.1,78.0,5.72,,,2.54,,False
MS,29.0,,No,No,0.0,,103.0,,216.3,,18.39,218.4,106.0,9.83,12.8,4.0,3.46,2.0,True
,,415.0,No,No,,132.0,95.0,,231.2,74.0,19.65,,108.0,14.1,8.7,10.0,2.35,,False
MS,,415.0,Yes,,23.0,,54.0,,,83.0,24.88,,,,10.8,,2.92,1.0,False
VA,121.0,415.0,,No,0.0,134.1,,22.8,,104.0,16.58,,,7.18,10.5,2.0,2.84,2.0,False
,104.0,,No,No,0.0,144.5,107.0,,,85.0,15.34,226.0,94.0,10.17,17.0,,4.59,2.0,False
,123.0,,,No,0.0,,,25.5,,95.0,,326.0,91.0,14.67,11.1,3.0,3.0,,False
MI,61.0,415.0,No,Yes,33.0,,,46.02,200.7,116.0,,201.7,,,10.9,3.0,2.94,,False
,160.0,415.0,No,No,0.0,256.0,111.0,43.52,187.4,61.0,15.93,119.1,81.0,5.36,11.5,4.0,3.11,3.0,False
AR,153.0,408.0,No,,0.0,,56.0,26.28,263.0,84.0,22.36,367.7,89.0,,15.5,2.0,4.19,1.0,False
FL,31.0,510.0,No,No,,165.4,,28.12,203.7,107.0,17.31,201.7,65.0,,8.2,1.0,2.21,1.0,False
,122.0,415.0,No,No,0.0,,96.0,,,91.0,7.45,247.2,87.0,11.12,8.4,6.0,2.27,,False
IN,46.0,415.0,,Yes,34.0,191.4,,32.54,361.8,,30.75,147.5,132.0,,7.2,,1.94,1.0,False
FL,,415.0,No,No,0.0,,90.0,26.98,198.4,117.0,16.86,181.1,76.0,8.15,10.5,,,,False
IL,68.0,415.0,Yes,Yes,29.0,195.5,113.0,33.24,171.6,96.0,,204.0,85.0,9.18,,9.0,3.65,,True
,,415.0,No,,,264.4,102.0,,219.6,123.0,18.67,200.4,89.0,9.02,11.3,3.0,3.05,2.0,False
MT,102.0,408.0,No,No,0.0,273.2,85.0,,211.1,82.0,17.94,,129.0,9.17,13.1,7.0,3.54,2.0,True
WI,153.0,510.0,No,No,0.0,159.5,,,,90.0,23.42,176.7,126.0,7.95,10.1,2.0,,1.0,True
NY,122.0,510.0,No,No,0.0,145.6,102.0,24.75,284.7,111.0,,228.2,91.0,10.27,12.2,5.0,3.29,0.0,False
WY,127.0,,Yes,,0.0,247.5,99.0,42.08,,118.0,9.22,232.0,72.0,10.44,,3.0,2.86,2.0,False
,,415.0,Yes,No,,239.7,87.0,40.75,281.7,92.0,23.94,183.5,113.0,8.26,11.4,1.0,3.08,,True
,,408.0,No,,0.0,109.9,102.0,18.68,220.8,114.0,18.77,,133.0,4.68,10.9,6.0,2.94,0.0,False
CA,37.0,510.0,No,,0.0,239.9,120.0,40.78,,88.0,22.24,,88.0,9.32,,4.0,2.4,2.0,True
CO,132.0,415.0,No,No,0.0,197.8,,33.63,133.9,,,177.3,94.0,,10.9,3.0,2.94,,True
KY,,408.0,No,Yes,36.0,115.4,98.0,19.62,166.2,83.0,14.13,184.7,79.0,8.31,15.2,,4.1,2.0,False
ID,92.0,415.0,No,No,,,,33.52,242.3,,20.6,,76.0,8.64,,,2.97,2.0,False
HI,111.0,408.0,No,Yes,13.0,193.1,104.0,32.83,111.6,,9.49,227.4,94.0,10.23,12.1,4.0,3.27,1.0,False
TX,121.0,415.0,,Yes,31.0,263.1,,44.73,,118.0,23.74,127.1,143.0,5.72,9.7,,2.62,5.0,False
GA,131.0,408.0,No,No,0.0,,79.0,33.49,201.0,114.0,,151.2,111.0,6.8,11.6,5.0,3.13,1.0,False
,19.0,,,,0.0,,123.0,,129.2,110.0,10.98,220.6,98.0,9.93,12.9,4.0,,1.0,False
,135.0,415.0,No,No,0.0,173.4,107.0,29.48,222.0,84.0,18.87,,94.0,2.89,13.7,6.0,,1.0,False
TN,129.0,408.0,No,No,0.0,,,17.24,,116.0,21.17,157.6,107.0,7.09,7.1,6.0,1.92,,False
VT,142.0,415.0,No,No,,,74.0,,181.8,142.0,15.45,203.1,86.0,9.14,10.4,6.0,2.81,4.0,False
,130.0,,No,Yes,,174.5,120.0,29.67,217.5,95.0,18.49,220.3,67.0,,12.2,2.0,3.29,1.0,False
NE,92.0,,No,No,0.0,,98.0,30.84,,98.0,13.98,,110.0,,10.9,4.0,,2.0,False
WY,146.0,415.0,No,Yes,11.0,180.7,82.0,30.72,173.7,,14.76,231.5,89.0,10.42,10.1,4.0,,2.0,False
,,510.0,Yes,Yes,,,128.0,24.96,285.6,,24.28,213.6,80.0,9.61,4.3,2.0,1.16,1.0,True
MS,189.0,415.0,No,No,0.0,227.8,124.0,38.73,169.5,112.0,14.41,201.1,,9.05,5.6,4.0,,,False
OH,95.0,415.0,No,,,,87.0,,202.4,101.0,17.2,191.1,122.0,8.6,7.4,3.0,2.0,0.0,False
AK,1.0,408.0,No,No,0.0,175.2,74.0,29.78,151.7,,12.89,230.5,109.0,10.37,5.3,3.0,1.43,1.0,False
IN,,415.0,No,Yes,39.0,116.9,127.0,19.87,276.5,,23.5,289.9,125.0,13.05,12.3,2.0,,0.0,False
WA,111.0,510.0,No,No,0.0,152.2,,25.87,137.2,102.0,,185.9,97.0,8.37,,3.0,2.65,0.0,False
RI,143.0,408.0,No,No,,167.8,72.0,28.53,211.0,99.0,17.94,153.5,109.0,6.91,10.5,6.0,2.84,4.0,True
AL,148.0,415.0,No,,,262.9,135.0,44.69,149.5,96.0,12.71,140.5,109.0,6.32,8.1,4.0,2.19,1.0,False
MT,,408.0,,Yes,22.0,141.8,116.0,,167.3,99.0,,178.1,130.0,8.01,7.8,3.0,,1.0,False
NM,90.0,,No,No,0.0,167.5,96.0,28.48,,104.0,,138.4,87.0,6.23,13.0,,3.51,1.0,False
,169.0,408.0,No,No,,147.2,115.0,25.02,161.9,,13.76,142.1,103.0,6.39,7.2,6.0,1.94,3.0,False
LA,53.0,415.0,No,No,0.0,145.1,116.0,24.67,233.7,82.0,19.86,208.7,95.0,9.39,,5.0,2.13,2.0,False
MO,15.0,415.0,,,,135.2,,22.98,152.5,,12.96,224.8,83.0,10.12,8.4,5.0,2.27,2.0,False
,123.0,408.0,No,Yes,28.0,124.7,105.0,21.2,250.4,78.0,21.28,216.4,128.0,9.74,7.8,8.0,2.11,,False
TN,95.0,510.0,,No,0.0,174.0,57.0,29.58,,118.0,23.89,197.2,94.0,8.87,9.7,,2.62,0.0,False
WA,82.0,510.0,No,No,0.0,265.2,122.0,45.08,178.7,102.0,15.19,174.7,90.0,7.86,10.7,9.0,2.89,2.0,False
RI,180.0,,No,No,,143.3,134.0,24.36,180.5,,15.34,184.2,87.0,8.29,,4.0,2.73,1.0,False
RI,125.0,,No,No,0.0,113.0,,,169.2,107.0,14.38,156.6,61.0,7.05,9.2,5.0,,2.0,True
OR,138.0,415.0,Yes,Yes,28.0,211.2,117.0,35.9,312.5,98.0,26.56,178.0,118.0,8.01,10.7,2.0,2.89,3.0,True
MA,90.0,408.0,No,No,0.0,,,26.84,234.0,93.0,19.89,210.0,86.0,9.45,12.2,5.0,3.29,2.0,False
NC,190.0,,No,No,0.0,182.2,101.0,30.97,212.3,,18.05,233.0,123.0,10.49,9.3,,2.51,2.0,False
IA,143.0,510.0,No,,33.0,,130.0,,186.4,,15.84,210.0,111.0,9.45,7.7,6.0,,1.0,False
IL,183.0,510.0,No,No,0.0,,87.0,,183.6,116.0,,,109.0,7.95,13.5,2.0,3.65,0.0,False
KY,58.0,415.0,,No,,247.2,116.0,42.02,303.7,103.0,25.81,105.4,94.0,4.74,9.3,2.0,2.51,2.0,True
TN,123.0,415.0,No,No,0.0,166.9,98.0,,221.8,77.0,18.85,243.9,114.0,10.98,12.8,4.0,3.46,3.0,False
,,510.0,No,No,0.0,71.2,90.0,12.1,304.4,,25.87,183.3,,8.25,8.6,4.0,,0.0,False
,53.0,415.0,No,No,0.0,164.1,106.0,27.9,206.0,56.0,,194.7,,8.76,11.4,2.0,,1.0,False
,101.0,415.0,,No,0.0,154.4,130.0,26.25,217.2,,18.46,185.4,52.0,8.34,13.9,4.0,,,False
ND,,408.0,No,No,0.0,231.2,141.0,39.3,,,,240.3,100.0,10.81,,5.0,,1.0,True
VA,163.0,,No,,0.0,,100.0,34.49,178.6,46.0,15.18,203.8,,9.17,,3.0,3.46,5.0,False
,120.0,415.0,No,No,0.0,,,30.12,,99.0,22.98,231.5,,10.42,14.0,2.0,3.78,,False
TN,,415.0,No,No,0.0,,80.0,22.63,206.5,120.0,17.55,221.6,96.0,9.97,,8.0,,1.0,False
NE,147.0,,,Yes,38.0,243.4,,,273.8,,23.27,282.9,91.0,12.73,,8.0,3.81,2.0,False
,,408.0,,,46.0,168.3,124.0,28.61,270.9,103.0,,222.5,98.0,10.01,6.7,2.0,1.81,4.0,False
OR,,415.0,No,Yes,33.0,111.6,140.0,18.97,,,18.13,267.6,115.0,12.04,,,4.32,,False
TN,,415.0,No,,,206.2,113.0,35.05,176.4,102.0,14.99,297.1,,13.37,11.0,7.0,2.97,,False
TX,90.0,408.0,No,Yes,27.0,156.7,51.0,26.64,236.5,118.0,20.1,,111.0,5.54,12.6,,,2.0,False
TN,37.0,415.0,No,No,0.0,221.0,126.0,37.57,204.5,110.0,17.38,118.0,98.0,5.31,6.8,,1.84,4.0,False
NC,,,,No,0.0,165.7,94.0,28.17,,80.0,21.88,170.8,114.0,7.69,10.0,4.0,,1.0,False
MT,109.0,510.0,,No,0.0,154.8,,26.32,287.7,,24.45,208.4,80.0,9.38,5.9,9.0,1.59,,False
,105.0,510.0,No,No,0.0,125.4,116.0,,261.5,,22.23,241.6,104.0,10.87,11.4,9.0,,2.0,False
,74.0,415.0,No,No,,124.8,114.0,21.22,133.0,121.0,11.31,160.3,85.0,7.21,10.6,7.0,2.86,,False
AL,76.0,415.0,,No,0.0,179.2,85.0,30.46,222.9,66.0,18.95,,,8.47,12.4,2.0,3.35,0.0,False
CT,116.0,415.0,No,,0.0,245.9,73.0,41.8,240.1,87.0,,158.7,89.0,7.14,8.9,5.0,2.4,3.0,False
UT,138.0,510.0,No,No,,205.9,96.0,35.0,257.1,94.0,21.85,209.0,,9.4,12.1,8.0,3.27,0.0,False
DC,102.0,,No,No,0.0,186.8,92.0,31.76,173.7,123.0,14.76,250.9,131.0,,,4.0,2.62,2.0,False
UT,164.0,510.0,No,No,,192.1,95.0,32.66,249.8,94.0,21.23,132.6,100.0,5.97,7.3,3.0,,3.0,False
MN,125.0,415.0,,No,0.0,,82.0,40.92,269.4,85.0,22.9,187.1,74.0,8.42,,3.0,,0.0,True
,209.0,,No,No,0.0,,124.0,,230.6,110.0,19.6,218.0,69.0,,8.5,5.0,2.3,3.0,True
,,408.0,No,Yes,,183.6,138.0,31.21,203.8,,17.32,166.9,89.0,7.51,6.0,,1.62,2.0,False
MD,189.0,415.0,No,,30.0,155.2,116.0,26.38,195.5,50.0,16.62,170.1,108.0,7.65,15.4,,4.16,,False
,84.0,,No,,0.0,203.4,125.0,34.58,182.9,88.0,15.55,213.7,121.0,9.62,13.8,2.0,3.73,1.0,False
NJ,182.0,415.0,No,No,,279.1,124.0,,,108.0,15.34,217.5,,9.79,9.5,11.0,2.57,,True
HI,171.0,510.0,No,No,0.0,189.8,122.0,32.27,173.7,85.0,14.76,257.1,84.0,11.57,10.3,1.0,2.78,0.0,False
DE,90.0,415.0,No,No,,198.5,124.0,33.75,266.6,100.0,22.66,243.3,80.0,10.95,,7.0,2.16,2.0,False
,117.0,510.0,No,No,,158.7,84.0,26.98,181.7,91.0,15.44,177.3,,,7.7,10.0,2.08,2.0,False
KS,186.0,510.0,No,No,0.0,,,23.43,187.7,118.0,15.95,146.4,,6.59,8.7,6.0,2.35,,False
,55.0,408.0,No,Yes,,,101.0,23.68,178.3,117.0,15.16,246.5,104.0,,8.1,1.0,2.19,3.0,False
,74.0,408.0,No,No,0.0,177.4,,30.16,240.3,104.0,20.43,237.3,133.0,10.68,12.0,3.0,3.24,,False
IN,130.0,408.0,No,No,0.0,115.6,129.0,19.65,167.8,,,141.8,124.0,6.38,12.6,9.0,3.4,1.0,False
DC,,,No,,,51.5,90.0,8.76,164.0,98.0,13.94,169.4,80.0,7.62,9.5,4.0,,3.0,False
MS,,415.0,,,0.0,,99.0,22.39,,109.0,,201.1,116.0,9.05,,3.0,2.89,1.0,False
NH,84.0,408.0,No,Yes,30.0,106.5,65.0,18.11,225.7,108.0,,188.6,61.0,8.49,5.7,3.0,1.54,,False
NJ,134.0,510.0,No,Yes,34.0,247.2,105.0,42.02,225.5,133.0,19.17,186.3,76.0,8.38,,5.0,,,True
VT,68.0,415.0,No,No,,158.8,119.0,,,105.0,18.0,,101.0,8.91,,3.0,2.78,1.0,False
,,,No,No,0.0,239.1,88.0,,243.5,79.0,20.7,,92.0,10.39,10.9,3.0,,,True
KS,166.0,,Yes,,28.0,175.8,126.0,29.89,253.6,76.0,21.56,128.5,72.0,5.78,,5.0,3.08,1.0,False
NH,90.0,,,Yes,,193.3,66.0,32.86,263.3,,,,,,11.1,4.0,3.0,0.0,False
,,415.0,No,Yes,,137.8,95.0,,,,20.02,268.1,,12.06,11.0,6.0,2.97,2.0,False
,130.0,415.0,No,No,0.0,263.7,113.0,,,103.0,15.85,,99.0,,18.3,6.0,4.94,,True
,130.0,408.0,No,No,0.0,252.0,,,170.2,105.0,14.47,209.2,64.0,9.41,,5.0,1.54,0.0,False
RI,155.0,408.0,Yes,,0.0,163.1,94.0,27.73,291.7,108.0,,96.4,111.0,4.34,11.2,3.0,3.02,0.0,False
OR,,,No,No,0.0,324.7,48.0,55.2,,82.0,20.09,187.6,78.0,8.44,13.1,5.0,3.54,,True
NC,75.0,408.0,No,No,0.0,203.3,70.0,34.56,228.9,97.0,19.46,222.2,118.0,10.0,,3.0,,1.0,False
,178.0,,No,Yes,35.0,175.4,88.0,29.82,190.0,,16.15,,94.0,6.24,10.5,,,,False
,112.0,,No,No,0.0,266.0,,,214.6,,18.24,306.2,100.0,,14.2,2.0,3.83,2.0,True
AZ,100.0,510.0,No,,0.0,,98.0,13.38,,102.0,,,106.0,6.77,14.0,8.0,3.78,0.0,False
WV,104.0,415.0,No,No,0.0,,123.0,38.4,162.8,,,272.1,85.0,12.24,,4.0,2.73,1.0,False
NY,160.0,408.0,No,,0.0,216.8,77.0,36.86,207.3,,17.62,228.6,,10.29,5.6,2.0,1.51,,False
WV,,,No,No,,,125.0,9.86,67.5,116.0,5.74,185.9,136.0,8.37,11.5,,,0.0,False
NM,,415.0,No,No,0.0,173.2,,,236.2,94.0,20.08,240.2,84.0,,11.8,6.0,3.19,2.0,False
,28.0,415.0,No,No,0.0,,102.0,40.26,167.1,87.0,14.2,280.2,115.0,12.61,9.7,3.0,2.62,,False
,95.0,,No,No,0.0,237.3,83.0,40.34,154.0,65.0,,,105.0,10.67,11.2,6.0,3.02,1.0,False
,35.0,408.0,No,No,,158.6,,26.96,,,11.08,,80.0,10.34,6.9,,1.86,2.0,False
,134.0,510.0,No,No,,296.0,93.0,50.32,226.4,117.0,,,98.0,11.11,,10.0,,0.0,True
,,,No,Yes,,157.3,123.0,,257.7,94.0,,190.4,107.0,8.57,9.6,6.0,2.59,0.0,False
PA,85.0,408.0,No,No,0.0,144.4,88.0,,264.6,105.0,22.49,185.4,94.0,8.34,9.9,,2.67,1.0,False
TN,148.0,415.0,No,,36.0,77.6,,13.19,207.0,60.0,17.6,255.7,115.0,11.51,10.9,2.0,,,False
CT,134.0,,No,Yes,32.0,80.3,94.0,13.65,199.9,124.0,16.99,170.8,117.0,7.69,16.6,3.0,4.48,0.0,False
MA,80.0,408.0,No,Yes,36.0,190.3,115.0,32.35,256.6,78.0,21.81,214.9,145.0,9.67,,,1.03,1.0,False
,165.0,510.0,No,No,0.0,,67.0,35.6,273.8,89.0,23.27,,88.0,6.76,,1.0,3.46,,False
KS,65.0,,No,,34.0,208.8,119.0,35.5,142.1,106.0,12.08,,87.0,9.66,,4.0,3.38,,False
OK,,,,No,0.0,113.6,,19.31,158.6,98.0,13.48,,87.0,8.45,10.5,6.0,2.84,,False
,,415.0,,No,0.0,,89.0,34.44,163.0,96.0,,,151.0,,8.3,3.0,2.24,0.0,False
OH,162.0,415.0,,No,0.0,135.2,98.0,22.98,242.0,107.0,20.57,246.9,,11.11,10.2,2.0,2.75,2.0,False
WA,96.0,415.0,No,No,0.0,276.9,105.0,47.07,,94.0,20.99,254.4,107.0,11.45,,3.0,2.78,1.0,True
IN,,510.0,No,No,0.0,,116.0,48.86,235.3,126.0,20.0,292.1,,13.14,5.0,3.0,1.35,4.0,True
NE,,415.0,No,,0.0,97.5,,16.58,,78.0,,88.7,100.0,3.99,7.0,,1.89,1.0,False
AL,72.0,415.0,No,No,,166.5,102.0,28.31,,103.0,22.19,262.7,85.0,,13.3,,3.59,0.0,False
PA,136.0,408.0,No,No,0.0,102.1,75.0,17.36,219.5,97.0,18.66,73.7,92.0,3.32,9.8,5.0,2.65,,False
OR,82.0,415.0,,Yes,,146.5,73.0,24.91,246.4,65.0,20.94,199.0,114.0,8.96,4.1,4.0,1.11,,False
MN,155.0,408.0,Yes,No,0.0,250.8,146.0,,152.5,105.0,12.96,148.1,104.0,6.66,,5.0,2.7,2.0,False
,136.0,415.0,No,No,0.0,163.4,83.0,27.78,249.3,119.0,,249.7,,11.24,9.8,4.0,,7.0,False
TX,,,,No,,161.0,113.0,27.37,,134.0,17.68,208.1,81.0,9.36,8.4,,2.27,,False
NM,,415.0,No,No,0.0,81.6,94.0,,,112.0,,,75.0,6.34,8.6,18.0,,1.0,False
NC,95.0,408.0,No,No,0.0,128.6,115.0,21.86,216.2,88.0,18.38,,96.0,,6.3,,,6.0,True
ID,113.0,415.0,No,Yes,,183.8,102.0,31.25,183.4,123.0,15.59,,52.0,10.58,11.6,7.0,3.13,0.0,False
WI,103.0,,No,,0.0,180.2,134.0,30.63,,85.0,8.3,181.7,134.0,,8.4,3.0,2.27,1.0,False
SC,,415.0,No,,,147.8,132.0,25.13,276.8,,23.53,149.9,110.0,6.75,,,2.75,,False
NV,116.0,408.0,,No,0.0,,,18.85,213.4,82.0,18.14,186.2,116.0,8.38,7.9,2.0,2.13,2.0,False
NE,95.0,510.0,No,No,0.0,,,9.89,202.1,126.0,17.18,210.5,97.0,9.47,10.4,5.0,2.81,0.0,False
UT,201.0,,No,No,0.0,212.7,,36.16,,90.0,19.14,195.1,99.0,8.78,7.0,6.0,,1.0,False
,150.0,415.0,No,No,0.0,,117.0,36.38,192.4,89.0,16.35,242.6,99.0,10.92,7.9,4.0,,1.0,False
MI,108.0,408.0,Yes,No,0.0,115.1,,19.57,,,17.96,,85.0,6.12,13.8,3.0,3.73,2.0,True
MO,101.0,,,No,0.0,156.4,,26.59,130.4,114.0,11.08,207.3,109.0,9.33,7.3,5.0,1.97,1.0,False
,182.0,415.0,No,Yes,24.0,,104.0,21.78,143.4,127.0,12.19,191.0,98.0,8.59,11.6,3.0,3.13,,False
,128.0,408.0,No,No,,227.9,130.0,38.74,,71.0,25.72,191.5,82.0,,5.5,7.0,1.49,1.0,True
VA,113.0,408.0,No,Yes,34.0,44.9,,,134.2,,11.41,168.4,118.0,7.58,,3.0,3.59,1.0,False
RI,76.0,415.0,No,No,0.0,171.1,78.0,,257.2,83.0,21.86,91.6,92.0,4.12,16.2,3.0,,1.0,False
MD,,510.0,No,,0.0,205.2,145.0,34.88,154.8,95.0,13.16,191.4,,,14.1,,3.81,,False
OH,32.0,415.0,,Yes,31.0,232.8,97.0,39.58,183.5,111.0,15.6,206.8,111.0,9.31,13.0,2.0,3.51,0.0,False
CO,103.0,415.0,No,Yes,37.0,153.5,78.0,,241.9,108.0,20.56,244.7,,11.01,10.6,3.0,,1.0,False
UT,,510.0,No,No,,,92.0,,150.9,125.0,12.83,245.5,131.0,,14.6,9.0,3.94,1.0,False
,57.0,415.0,No,No,0.0,85.9,92.0,14.6,193.9,,16.48,231.5,,10.42,10.1,2.0,2.73,,False
KY,64.0,415.0,,No,,146.7,83.0,24.94,148.3,,12.61,238.6,69.0,10.74,,3.0,3.38,3.0,False
DC,70.0,415.0,No,No,0.0,152.8,145.0,,,102.0,15.61,151.8,75.0,6.83,10.5,2.0,2.84,,False
MA,,408.0,No,No,0.0,216.8,134.0,36.86,187.8,106.0,15.96,138.1,108.0,6.21,,2.0,2.24,0.0,False
AZ,,415.0,No,No,0.0,172.8,81.0,29.38,193.4,90.0,16.44,89.6,107.0,4.03,12.8,,3.46,,False
,,510.0,No,No,0.0,263.4,123.0,44.78,,74.0,12.91,218.5,101.0,9.83,10.7,2.0,,2.0,False
CO,130.0,408.0,No,No,0.0,271.8,129.0,46.21,237.2,128.0,20.16,210.1,91.0,9.45,8.7,2.0,2.35,4.0,True
OR,166.0,510.0,No,No,,199.6,93.0,33.93,214.3,99.0,18.22,196.8,,8.86,7.2,5.0,1.94,3.0,False
MS,130.0,510.0,No,No,0.0,203.9,63.0,,191.8,93.0,16.3,,125.0,,12.1,4.0,3.27,3.0,False
SC,111.0,510.0,No,,0.0,,119.0,13.31,,94.0,16.85,248.5,94.0,11.18,12.1,,3.27,1.0,False
IN,100.0,415.0,No,Yes,32.0,125.2,123.0,21.28,230.9,101.0,19.63,192.0,106.0,8.64,12.6,9.0,3.4,3.0,False
ME,57.0,415.0,No,No,0.0,221.1,101.0,37.59,236.7,65.0,,,137.0,11.35,9.5,1.0,,0.0,False
DE,139.0,408.0,No,No,0.0,,,23.63,132.9,93.0,,272.0,,,12.1,1.0,,,False
OR,113.0,415.0,No,No,0.0,159.8,143.0,27.17,210.1,93.0,17.86,175.1,86.0,,13.1,7.0,3.54,2.0,False
NJ,,,No,No,0.0,239.3,,40.68,,127.0,,251.4,104.0,,,6.0,,,False
MT,100.0,,No,No,0.0,113.3,96.0,19.26,,89.0,16.82,,93.0,,11.7,2.0,3.16,4.0,True
WV,120.0,510.0,,No,0.0,192.6,,32.74,,105.0,17.54,,93.0,12.74,10.8,3.0,2.92,1.0,False
,107.0,408.0,No,Yes,36.0,96.3,83.0,16.37,179.6,91.0,15.27,166.3,121.0,7.48,,2.0,2.78,1.0,False
,104.0,408.0,No,No,0.0,280.4,127.0,47.67,,79.0,15.25,150.6,77.0,6.78,15.2,,,5.0,False
,,415.0,No,,0.0,245.3,91.0,41.7,122.9,130.0,10.45,228.4,102.0,10.28,,4.0,2.3,4.0,False
MT,,415.0,No,,14.0,151.5,100.0,25.76,248.7,126.0,,199.8,120.0,8.99,10.7,5.0,,2.0,False
NM,183.0,415.0,No,,0.0,190.0,100.0,32.3,246.6,78.0,20.96,304.2,,13.69,9.5,4.0,2.57,1.0,False
IL,123.0,,No,No,0.0,114.8,94.0,19.52,150.0,104.0,12.75,268.6,,12.09,,4.0,2.59,2.0,False
IN,64.0,408.0,No,,0.0,113.8,,19.35,,97.0,16.35,214.9,89.0,9.67,,,2.81,,False
ND,27.0,415.0,,No,0.0,227.4,67.0,38.66,,115.0,,61.4,109.0,,,6.0,2.11,1.0,False
NH,123.0,,No,No,0.0,224.0,99.0,38.08,,,17.91,,75.0,10.44,2.1,,0.57,,False
NM,84.0,408.0,No,Yes,,153.9,102.0,26.16,140.7,117.0,11.96,217.7,101.0,9.8,,5.0,3.46,1.0,False
LA,91.0,415.0,No,No,0.0,190.5,128.0,,205.5,103.0,17.47,130.7,,5.88,13.8,,3.73,0.0,False
KY,95.0,510.0,No,,0.0,157.3,,26.74,197.5,,16.79,128.2,111.0,,8.4,4.0,,,False
WV,73.0,415.0,No,,0.0,240.3,130.0,,162.5,,13.81,231.9,136.0,,11.9,3.0,,0.0,False
WV,58.0,408.0,No,Yes,39.0,211.9,40.0,36.02,274.4,76.0,23.32,210.5,139.0,9.47,5.4,4.0,1.46,1.0,False
IA,,415.0,No,,0.0,,,,165.1,127.0,14.03,141.5,142.0,6.37,10.8,,2.92,1.0,False
NE,67.0,,No,Yes,41.0,174.7,86.0,29.7,160.6,93.0,13.65,155.3,,6.99,13.4,1.0,,,False
WA,152.0,,No,No,,161.4,84.0,27.44,163.6,88.0,13.91,,,,11.8,5.0,3.19,1.0,False
PA,142.0,510.0,No,Yes,40.0,230.7,101.0,39.22,256.8,88.0,21.83,263.9,92.0,11.88,6.4,3.0,1.73,1.0,False
,105.0,,,,0.0,,96.0,39.54,253.4,,21.54,,101.0,,10.5,,2.84,1.0,False
DC,93.0,408.0,No,Yes,22.0,,,,189.7,83.0,,240.3,107.0,10.81,,2.0,,0.0,False
KY,79.0,415.0,No,No,,,,40.26,186.4,87.0,15.84,126.9,112.0,,10.4,,2.81,2.0,False
,88.0,408.0,No,,0.0,153.5,,26.1,,,21.39,182.2,99.0,8.2,8.5,,,1.0,False
,110.0,408.0,No,No,0.0,159.5,145.0,27.12,202.3,101.0,17.2,256.0,,11.52,16.7,2.0,4.51,2.0,False
NY,209.0,415.0,No,,0.0,153.7,105.0,,188.6,87.0,,,95.0,9.04,,2.0,2.89,,False
OR,27.0,510.0,No,No,,232.1,81.0,39.46,,101.0,,,87.0,7.44,15.0,6.0,4.05,5.0,False
,117.0,415.0,,No,0.0,201.9,,34.32,212.3,96.0,18.05,176.9,98.0,7.96,7.8,10.0,2.11,1.0,False
MA,87.0,,,No,0.0,186.9,,31.77,182.6,105.0,15.52,143.1,,,4.2,14.0,1.13,1.0,False
CT,129.0,,No,Yes,27.0,196.6,89.0,33.42,,95.0,15.35,,83.0,11.03,6.6,5.0,1.78,,False
WI,142.0,510.0,No,No,0.0,232.1,,39.46,168.2,110.0,14.3,197.3,120.0,8.88,9.9,,2.67,,False
OK,,415.0,No,,0.0,166.0,,28.22,74.6,100.0,6.34,247.9,74.0,11.16,6.3,,1.7,0.0,False
,97.0,408.0,No,Yes,25.0,,101.0,23.97,212.0,85.0,18.02,175.2,,7.88,4.9,2.0,1.32,,False
KS,,415.0,No,No,0.0,231.3,,,224.7,88.0,19.1,214.6,,,7.2,7.0,1.94,1.0,False
KS,127.0,415.0,No,Yes,24.0,154.8,69.0,26.32,177.2,105.0,15.06,207.6,102.0,,9.0,4.0,2.43,1.0,False
WY,148.0,408.0,No,No,0.0,243.0,115.0,41.31,191.8,91.0,16.3,117.8,93.0,5.3,13.4,5.0,3.62,2.0,False
OK,138.0,510.0,No,Yes,33.0,155.2,139.0,26.38,268.3,,22.81,,71.0,,,,2.62,,False
WA,84.0,415.0,No,No,0.0,289.1,100.0,49.15,233.8,,,223.5,,10.06,12.7,2.0,3.43,2.0,True
MD,133.0,,,No,0.0,295.0,,50.15,223.6,101.0,19.01,229.4,109.0,10.32,12.9,4.0,3.48,,True
NY,,510.0,No,Yes,27.0,,115.0,21.85,163.7,,13.91,242.9,121.0,10.93,0.0,0.0,0.0,,False
WI,,415.0,No,,,238.0,,40.46,164.5,97.0,13.98,282.5,132.0,,10.6,6.0,2.86,2.0,False
AK,99.0,,No,No,,,96.0,40.53,246.5,130.0,20.95,198.4,117.0,8.93,12.4,4.0,,3.0,False
AZ,48.0,415.0,No,,,141.1,109.0,23.99,224.7,94.0,19.1,,122.0,7.84,13.2,2.0,3.56,1.0,False
KS,,415.0,No,,0.0,158.1,117.0,26.88,115.2,,9.79,182.4,,8.21,,7.0,3.19,0.0,False
CA,,510.0,No,No,0.0,107.9,,,187.0,77.0,15.9,218.5,95.0,,0.0,0.0,0.0,0.0,False
,,408.0,No,No,0.0,203.8,85.0,34.65,87.8,110.0,7.46,166.2,122.0,7.48,11.7,4.0,3.16,,False
CA,84.0,415.0,No,No,0.0,280.0,113.0,47.6,,90.0,17.19,,,7.06,10.4,4.0,2.81,,True
WI,114.0,415.0,No,,26.0,137.1,88.0,,155.7,125.0,,,94.0,11.14,11.5,,,2.0,False
AL,,408.0,No,Yes,29.0,83.6,131.0,14.21,203.9,131.0,17.33,,73.0,10.33,8.1,3.0,2.19,1.0,False
VT,60.0,415.0,,No,0.0,193.9,118.0,32.96,85.0,110.0,,210.1,,9.45,,,3.56,3.0,False
WV,,415.0,No,No,0.0,169.8,114.0,28.87,197.7,105.0,16.8,,,8.72,11.6,,3.13,1.0,False
,184.0,510.0,Yes,No,0.0,,105.0,36.35,159.6,84.0,13.57,139.2,137.0,6.26,5.0,10.0,1.35,,False
